n,id,usuario,fecha,monto,valor,mensaje
1,1986791,Soylucastomasi,Hace 11 horas,$ 444,444.00,https://youtu.be/hTZb_LStL-0
2,1986780,Soylucastomasi,Hace 12 horas,$ 499,499.00,https://youtube.com/shorts/Hb7_iesHRxU?si=Uo18oEgAeu31aiAM Palank
3,1986498,soylucastomasi,Hace 1 día,$ 9 999,9999.00,https://youtu.be/fD9hAlwi_is?si=aG0uisqwIqD7g_5Q&t=62 QUE ALBOROTO PALANCA   https://x.com/soylucastomasi/status/2103554985430786554?s=20
4,1986487,soylucastomasi,Hace 1 día,$ 1 000,1000.00,pero si el que manda link es oooctaaa! https://x.com/soylucastomasi/status/2104583717591060539/video/1?t=105
5,1986464,Soylucastomasi,Hace 1 día,$ 10 000,10000.00,Palanca https://x.com/soylucastomasi/status/2104583717591060539?s=46
6,1986408,Soylucastomasi,Hace 1 día,$ 1 000,1000.00,Palan! https://x.com/soylucastomasi/status/2104583717591060539?s=46! Autorizo sin  copy
7,1984761,Soylucastomasi,Hace 4 días,$ 20 000,20000.00,https://x.com/soylucastomasi/status/2103604944188383389?s=46
8,1984735,Soylucastomasi,Hace 4 días,$ 10 000,10000.00,https://youtu.be/HLwy2w2QQG4    https://youtu.be/Bmz1Lf2ZG34
9,1984668,soylucastomasi,Hace 4 días,$ 5 101,5101.00,https://x.com/soylucastomasi/status/2103554985430786554?s=20
10,1983146,Soylucastomasi,Hace 6 días,$ 5 010,5010.00,https://youtu.be/ioXNh_5eP1A Vamos hacer de cuenta que alguien hará algo palan
11,1983132,Soylucastomasi,Hace 6 días,$ 10 000,10000.00,"https://youtu.be/EzeD6PGDpBs esta cancion es lo que es palan, déjala!!"
12,1982968,soylucastomasi,Hace 6 días,$ 500,500.00,"mirá palan, el registro mas viejo que encuentro es del 2014, pero siempre al tophttps://www.facebook.com/photo.php?fbid=10152595535539216&set=pb.668769215.-2207520000&type=3"
13,1982319,Soylucastomasi,Hace 1 semana,$ 196,196.00,https://youtube.com/shorts/KB7thBBlwsw?si=5lOEW-164zyc1P_b
14,1981708,soylucastomasi,Hace 1 semana,$ 196,196.00,pasó volando como Fangio https://x.com/soylucastomasi/status/2101821518858637778?s=20
15,1980295,soylucastomasi,Hace 1 semana,$ 9 999,9999.00,https://www.youtube.com/watch?v=4Pgi4kybo_Y por el que me debes palan  https://www.youtube.com/watch?v=1PJwoKqwRhk
16,1980284,Soylucastomasi,Hace 1 semana,$ 10 111,10111.00,https://youtu.be/ANlbEbmMbv8?t=10 se van a quedar gritando como xxx xxxxxx
17,1980257,SoyLucasTomasi,Hace 1 semana,$ 11 999,11999.00,https://youtu.be/74IdJ3Ti-9w Palan amigo conta conmigo!
18,1980194,soylucastomasi,Hace 1 semana,$ 11 000,11000.00,https://www.youtube.com/watch?v=XPv9nZXHjuo extraño demasiado su tacto divino!
19,1980170,soylucastomasi,Hace 1 semana,$ 10 100,10100.00,"https://www.youtube.com/watch?v=gOxqsS613vs si el en mi casa fui un león, palan, más allá de los horarios..."
20,1980153,soylucastomasi,Hace 1 semana,$ 1 000,1000.00,TENGO QUE BAJAR YO https://www.instagram.com/reel/DBHP3LepC49/?hl=es
21,1980113,soylucastomasi,Hace 1 semana,$ 1 000,1000.00,https://x.com/soylucastomasi/status/2042440475278213479?s=20
22,1980101,soylucastomasi,Hace 1 semana,$ 1 000,1000.00,https://x.com/soylucastomasi/status/2042440253273772208?s=20
23,1980086,soylucastomasi,Hace 1 semana,$ 1 000,1000.00,https://x.com/soylucastomasi/status/2042434265086820819?s=20
24,1979447,soylucastomasi,Hace 1 semana,$ 1 000,1000.00,podemos ver palan porque me jode moverme entre pestañas? https://youtu.be/212BYCGCqPU?si=p4LAM9uJsSYb8JSF&t=783
25,1979397,soylucastomasi,Hace 1 semana,$ 669,669.00,Estan destruidos  https://x.com/martinv0x/status/2100574090608144605
26,1978174,soylucastomasi,Hace 2 semanas,$ 196,196.00,palan mirá como piensa la giga asesina de xAI https://x.com/lu__geminis/status/2099231437497257991?s=20
27,1978087,soylucastomasi,Hace 2 semanas,$ 1 000,1000.00,https://youtu.be/Syvd3ilcKb4?si=uEdwwiJFo2Gzw5cc&t=99  mi flow es una bailarina natural
28,1977780,soylucastomasi,Hace 2 semanas,$ 196,196.00,"https://www.youtube.com/watch?v=-7o5-xcvCBc la de infobae es la morsa, obedece a la morsa"
29,1977779,SoyLucasTomasi,Hace 2 semanas,$ 1 000,1000.00,https://www.tiktok.com/@thefatniner/video/7561242463042669837 mi pobre angelito
30,1977749,SoyLucasTomasi,Hace 2 semanas,$ 1 000,1000.00,https://youtu.be/2ZTuUPPwZcw?si=FtZVZRtF6uP5gxsP&t=130 antes morir que perder la vida! mierda divina pensé! jaja oaaaaaaa
31,1977746,SoyLucasTomasi,Hace 2 semanas,$ 1 000,1000.00,https://x.com/soylucastomasi/status/2099226749481500954?s=20b oaaaaaaaaa oaa
32,1977708,SoyLucasTomasi,Hace 2 semanas,$ 1 000,1000.00,https://x.com/soylucastomasi/status/2099264492660039709?s=20 oaaaaaaaaa
33,1976598,soylucastomasi,Hace 2 semanas,$ 5 000,5000.00,https://youtu.be/JrDEANzNVJA Feliz cumple amigazo!
34,1976261,SoyLucasTomasi,Hace 2 semanas,$ 10 000,10000.00,"https://youtu.be/3YijfK0QfXw?si=yLxQU0sjvGuMD1_R&t=301 octa, eres grande! feliz en tu dia amiguito que dios te bendiga!"
35,1976248,SoyLucasTomasi,Hace 2 semanas,$ 10 000,10000.00,"https://youtu.be/PNn5SmqJXQo?si=gFmF7Fcqt_-xRogr&t=150  palan dejalo completo para el cumplañero en su dìa, caricias significativas octa!"
36,1976232,SoyLucasTomasi,Hace 2 semanas,$ 10 000,10000.00,https://www.youtube.com/watch?v=WajlxHHuEIE pago por el tema completo palan feliz cumple estimadisimo gran octa querido!
37,1976176,SoyLucasTomasi,Hace 2 semanas,$ 5 000,5000.00,"feliz cumple octa, te dejo para que disfrutes tu dia https://youtu.be/ES60Akr-1UU?si=w57EGHsdAgXpjn5p"
38,1976173,SoyLucasTomasi,Hace 2 semanas,$ 2 000,2000.00,https://www.youtube.com/watch?v=rva2KJuDtA0 tranca para que los mas grandes se vayan aclimatando
39,1975434,SoyLucasTomasi,Hace 2 semanas,$ 196,196.00,$ 1 000   SoyLucasTomasi  plot twist https://x.com/jonatantesta/status/1911158039756832865?s=20 https://www.univision.com/entretenimiento/cultura-pop/este-chico-logro-ligar-con-mas-de-mil-chicas-en-fotolog-esta-es-su-historia
40,1975433,SoyLucasTomasi,Hace 2 semanas,$ 196,196.00,"$ 1 000  Hace 1 hora  SoyLucasTomasi  CON EL PERDON DE LORD PALAN, PERO ME QUEDO CON ESA BANDA DE NEOS CHAD https://youtu.be/6-g2OjuuNCs?si=rpFwyfsu_l3MKcJw"
41,1975429,SoyLucasTomasi,Hace 2 semanas,$ 196,196.00,10 000  Hace 1 hora  SoyLucasTomasi  https://youtu.be/wzoTo_TAkfo?si=TXbB4jwtqnU4_l8l&t=44 ME ADELANTO A OCTA FELIZ CUMPLE OCTA PALAN DEJA ENTERO NO HAY COPY LA BANDA BRASILERA YA MURIO!
42,1975371,SoyLucasTomasi,Hace 2 semanas,$ 10 000,10000.00,https://youtu.be/wzoTo_TAkfo?si=TXbB4jwtqnU4_l8l&t=44 ME ADELANTO A OCTA FELIZ CUMPLE OCTA PALAN DEJA ENTERO NO HAY COPY LA BANDA BRASILERA YA MURIO!
43,1975358,SoyLucasTomasi,Hace 2 semanas,$ 1 000,1000.00,"CON EL PERDON DE LORD PALAN, PERO ME QUEDO CON ESA BANDA DE NEOS CHAD https://youtu.be/6-g2OjuuNCs?si=rpFwyfsu_l3MKcJw"
44,1975352,SoyLucasTomasi,Hace 2 semanas,$ 1 000,1000.00,plot twist https://x.com/jonatantesta/status/1911158039756832865?s=20 ese es danann con su guit  JET ex floger  chad https://www.univision.com/entretenimiento/cultura-pop/este-chico-logro-ligar-con-mas-de-mil-chicas-en-fotolog-esta-es-su-historia
45,1975177,soylucastomasi,Hace 2 semanas,$ 500,500.00,Paraguay no es clave https://youtube.com/shorts/mcslB6BbG1A?si=GvEA25VSbHIOXu4l
46,1974613,soylucastomasi,Hace 2 semanas,$ 200,200.00,Palan vamos a lo importonto https://x.com/cfkargentina/status/1557060154083999745?s=46
47,1974593,soylucastomasi,Hace 2 semanas,$ 499,499.00,Dale que va palanca https://youtube.com/shorts/sNSCpBXHPLQ?si=1I6N5iAVUaX7AcjV
48,1974170,soylucastomasi,Hace 3 semanas,$ 200,200.00,LO PONGO ACA PORQUE MERECE TODAS LAS LETRAS: POR QUE LE DAS CAMARA A CUALQUIER PELOTUDO? Y POR QUE NO A MI?
49,1974167,soylucastomasi,Hace 3 semanas,$ 500,500.00,https://www.instagram.com/reel/DOZHdB5kWjl/?hl=es PALAN LOS SICARI FUERON HEROES DE LA LIBERTA?
50,1974092,soylucastomasi,Hace 3 semanas,$ 500,500.00,TODO FALSO LO LEIDO HASTA ACA Y HASTA AHORA QUE ME ESTAS LEYENDO A MI Y DECIS QUE SI https://www.infobae.com/el-salvador/2026/09/05/nayib-bukele-asegura-que-escuelas-con-tutores-de-ia-alcanzaron-el-nivel-educativo-de-alemania-y-suecia/
51,1973772,soylucastomasi,Hace 3 semanas,$ 1 000,1000.00,https://x.com/soylucastomasi/status/1733110350877192299/video/1?s=46 palan
52,1973745,soylucastomasi,Hace 3 semanas,$ 1 000,1000.00,palan ahora quiero ver este pero de principi a fin eh https://x.com/patoenero/status/2096983907153392022?s=20
53,1973743,soylucastomasi,Hace 3 semanas,$ 1 000,1000.00,https://x.com/martinv0x/status/2025953810326188432/video/1 palan ya viste el video de martinv0x?
54,1973698,soylucastomasi,Hace 3 semanas,$ 196,196.00,https://youtu.be/gEhg0FBY8fc?si=8u8yliH353wIl386&t=139
55,1973626,soylucastomasi,Hace 3 semanas,$ 196,196.00,https://www.youtube.com/shorts/6UTat1UubYk ke lokura
56,1972191,soylucastomasi,Hace 3 semanas,$ 25 000,25000.00,https://youtu.be/jVDofBFtvwA Deja palan
57,1972162,soylucastomasi,Hace 3 semanas,$ 25 000,25000.00,silencio a octa  y dejo https://youtu.be/Z93SdirnzTw?si=utd-F1MKRm4j12wX&t=99
58,1972145,soylucastomasi,Hace 3 semanas,$ 2 000,2000.00,https://youtu.be/yb2HR47npEU?si=NHX31mnmFOaeI4kQ&t=211 oaaaaa
59,1972100,soylucastomasi,Hace 3 semanas,$ 1 000,1000.00,https://www.youtube.com/shorts/ztDyuZ7awL8
60,1972091,soylucastomasi,Hace 3 semanas,$ 1 000,1000.00,"https://x.com/soylucastomasi/status/2094590031050547526?s=20 fijate quien le puso like palan't , 2 am mientras nos echabamos un cago cada uno en su casa!"
61,1972030,soylucastomasi,Hace 3 semanas,$ 1 000,1000.00,https://youtube.com/shorts/FY4FDDXjVzY?si=W0d6kG6B8Nobo7iS Menos mal que van mas de 15 años sin ver Lo nuevo de los simpsons palanca
62,1972024,soylucastomasi,Hace 3 semanas,$ 1 000,1000.00,https://youtube.com/shorts/UBM8D5c7Glg?si=d4oAgmVVYnHHxeE0 Es así? Yo creo que no
63,1970577,soylucastomasi,Hace 3 semanas,$ 1 000,1000.00,Soylucashlopez
64,1969950,soylucastomasi,Hace 4 semanas,$ 500,500.00,https://www.youtube.com/watch?v=rUqZFKmtNnQ
65,1969860,soylucastomasi,Hace 4 semanas,$ 500,500.00,Palan leíste a chon dow? https://x.com/clarincom/status/2094794909085843742?s=46 !!! https://youtu.be/7fn2MMgqzYk?t=729 Ah y mira esta nota tremenda!
66,1969828,soylucastomasi,Hace 4 semanas,$ 1 000,1000.00,https://x.com/soylucastomasi/status/2094576624054259860/video/1?s=46 Cómo doma Aldo al gordito lechoso!
67,1969475,soylucastomasi,Hace 4 semanas,$ 500,500.00,"hola, soy yogurisimo, tal vez me recuerden por publicidades como la de https://www.youtube.com/watch?v=8s6_CjHh-mM"
68,1969466,soylucastomasi,Hace 4 semanas,$ 500,500.00,https://drive.google.com/file/d/1hc6BcZnxLbcFXMw6g_4mkCjyEPtaLkHj/view?usp=drivesdk
69,1969459,soylucastomasi,Hace 4 semanas,$ 500,500.00,https://me-l.co/n1n684h1 parà pajan! pará!
70,1969437,soylucastomasi,Hace 4 semanas,$ 2 000,2000.00,https://youtu.be/p6LoFG9X1QU?si=iUZy8dR0vzuq05m8&t=1451 35 segundos palan por favor
71,1968336,soylucastomasi,Hace 1 mes,$ 5 000,5000.00,NO ESTUVE AHI PERO ME HUBIERA GUSTADO https://www.youtube.com/watch?v=YPk7-fCvbao
72,1968280,soylucastomasi,Hace 1 mes,$ 1 000,1000.00,https://youtu.be/v_iVUqHftv4?si=BljcEpKdGnPUFNyO HACE CASI DOS MIL AÑOS QUE PIENSO LO MISMO!
73,1968263,soylucastomasi,Hace 1 mes,$ 1 000,1000.00,"https://youtu.be/BoKz8nXfN5U?si=27ciZE9slucg7sBS&t=148 revisa todo en tu interior para salir en la mañana detras del so! y al ver que la ruta hierve la sangre de tu pasiòn, busca el secreto que trae el viento, buscalo!"
74,1968242,soylucastomasi,Hace 1 mes,$ 5 000,5000.00,https://youtu.be/0l3dsHCScxU?si=5hZiCbiI02r4fLIx&t=64 into the burning ring of fire palan!
75,1968193,soylucastomasi,Hace 1 mes,$ 5 000,5000.00,otros 35 segundos palan https://youtu.be/-ew_bfFvros?si=_3RYPxzmloLTsIje&t=124
76,1968190,soylucastomasi,Hace 1 mes,$ 5 000,5000.00,35 segundos palan https://youtu.be/-ew_bfFvros?si=WhpykbYGWPtf4fPb
77,1968027,soylucastomasi,Hace 1 mes,$ 500,500.00,https://x.com/soylucastomasi/status/2093337637016740204?s=46
78,1967042,soylucastomasi,Hace 1 mes,$ 1 000,1000.00,"Palan mira este loco, a vos que te parece? https://x.com/SanginoLc/status/2087990487965704441/video/1?s=46  Paso mi alias por el copy: Lhdapodcast01"
79,1965844,SoyLucasTomasi,Hace 1 mes,$ 2 000,2000.00,https://youtu.be/_DyLnv0HHIg?si=yPu33y_ZA5qMcVdo&t=692 palan
80,1963639,Soylucastomasi,Hace 1 mes,$ 5 000,5000.00,Palan no me gusta irme ganando pero https://youtu.be/-RDuQfSwKfY
81,1963594,Soylucastomasi,Hace 1 mes,$ 10 000,10000.00,Palan con este cerra https://youtu.be/KFosvC56_b4?t=1    Pero antes por este otro ya pasé dos veces 5k https://youtu.be/enbTb8PizTI?t=90
82,1963550,SoyLucasTomasi,Hace 1 mes,$ 5 100,5100.00,https://youtu.be/enbTb8PizTI?si=oKg884Yi182VwlvP&t=104 palan lo pase por 3ra vez
83,1963542,SoyLucasTomasi,Hace 1 mes,$ 5 000,5000.00,https://www.youtube.com/watch?v=D6MxyBUJvmU rio de tres unidadeeees LCD!!!!
84,1963501,SoyLucasTomasi,Hace 1 mes,$ 1 000,1000.00,"mentira, te dejo un clasico de los 00 https://youtu.be/enbTb8PizTI?si=LOyOCPWIqNpCI9Yi&t=101 por supuesto adicciones"
85,1963492,SoyLucasTomasi,Hace 1 mes,$ 5 000,5000.00,"https://youtu.be/qWeSBg9Gbi0?si=tBWYPGJTcB5JLeFy&t=571 con esto me retiro de enviar musica por hoy mi unico Dios en este lío, searching de satch"
86,1963478,SoyLucasTomasi,Hace 1 mes,$ 5 000,5000.00,"https://youtu.be/EMneCi9F_UQ?si=vuYAYWRe0UVp4ISk&t=1074 para que gedan los gedes , los rochos y las rochas del vento"
87,1962757,SoyLucasTomasi,Hace 1 mes,$ 500,500.00,https://www.youtube.com/watch?v=gDP-EFItWeg
88,1962753,SoyLucasTomasi,Hace 1 mes,$ 500,500.00,https://www.youtube.com/watch?v=tf0jaOYfyMs
89,1962685,SoyLucasTomasi,Hace 1 mes,$ 1 000,1000.00,https://www.facebook.com/watch/?v=1052487774769460 balan
90,1961743,Soylucastomasi,Hace 1 mes,$ 1 000,1000.00,De chill el original fletwood Mac https://youtube.com/shorts/lcWA2wEFkeY?si=wOKNDPdkdiNCcq9Q
91,1961736,Soylucastomasi,Hace 1 mes,$ 1 000,1000.00,https://youtu.be/aK532U3emOQ?t=210 palan que es un aura??
92,1961620,SoyLucasTomasi,Hace 1 mes,$ 100 000,100000.00,tipazo! para que te reconstruyas las manos despues de ponerlas en el fuego por tantos! abrazo! jijo
93,1961302,Soylucastomasi,Hace 1 mes,$ 2 000,2000.00,https://youtu.be/aK532U3emOQ?t=190 palan que es un aura??
94,1961286,Soylucastomasi,Hace 1 mes,$ 1 000,1000.00,Ya lo habías veído https://youtube.com/shorts/G0rvmJWFbhc?si=Cf8e8pEemURBj9jx
95,1961155,Soylucastomasi,Hace 1 mes,$ 1 000,1000.00,En mis épocas esto del aura era https://youtu.be/gx9O6q0pDAU?t=50
96,1961081,SoyLucasTomasi,Hace 1 mes,$ 1 000,1000.00,https://youtube.com/shorts/24JnbFuOP2U?si=j_CztN5ASU-VzZDa AVE
97,1961078,SoyLucasTomasi,Hace 1 mes,$ 1 000,1000.00,https://youtu.be/g9b84gOOtHE?si=E_Tik10MC6_4vYmt&t=286 escuchá pálan
98,1961071,SoyLucasTomasi,Hace 1 mes,$ 1 000,1000.00,https://youtu.be/g9b84gOOtHE?si=uFSzUbrjlJ0aQo6m&t=59 mirá ese héroe papá!
99,1960471,SoyLucasTomasi,Hace 1 mes,$ 1 000,1000.00,"https://www.facebook.com/reel/1494302061818876 tiene sentido, palan"
100,1960467,SoyLucasTomasi,Hace 1 mes,$ 2 000,2000.00,"https://www.facebook.com/reel/271674331939857b palan, algunos nacieron para esto!"
101,1960464,SoyLucasTomasi,Hace 1 mes,$ 1 000,1000.00,"https://www.facebook.com/reel/1652034889223568 palan, el cuerpo de patrullas es especial (izado)"
102,1960463,SoyLucasTomasi,Hace 1 mes,$ 1 000,1000.00,"palan, yo negociando para volver al minao https://www.facebook.com/reel/27916735401310958"
103,1960461,SoyLucasTomasi,Hace 1 mes,$ 1 000,1000.00,"https://www.facebook.com/share/v/1EkQL298KH/ y palan te pusiste apensar? pensálo, es ridículo"
104,1958986,SoyLucasTomasi,Hace 1 mes,$ 1 000,1000.00,el grone presidente https://youtu.be/RfIYYgmgHPo?si=tqMoR1TSyAwqcTYQ&t=40  viste el video que le hice a sick? https://x.com/sick_durden/status/2087996168408047882?s=20
105,1958962,SoyLucasTomasi,Hace 1 mes,$ 1 000,1000.00,"pálan, acá encontré un lucas mas chorro que vos y talvez que el gobierno: https://youtu.be/2poG6fEgDic?si=1W4997CeDcDu6y35&t=25"
106,1958885,SoyLucasTomasi,Hace 1 mes,$ 200,200.00,"https://x.com/soylucastomasi/status/2088282488753795208?s=20 palan,  mirá mi lápiz japonés, de que color es?"
107,1958443,SoyLucasTomasi,Hace 1 mes,$ 1 000,1000.00,"PALAN, ESTE ES MAS CHORRO QUE VOS Y TAL VEZ QUE EL GOBIERNO https://www.youtube.com/watch?v=lfVdBSYN2jI"
108,1958434,SoyLucasTomasi,Hace 1 mes,$ 500,500.00,https://www.youtube.com/watch?v=rOi6xqqk2l4
109,1958428,SoyLucasTomasi,Hace 1 mes,$ 1 000,1000.00,https://www.youtube.com/watch?v=bPDLH8pHSJQ y ESTE CHAD???????????? COMO DIRÍA EL PRESTO: SE CAGAN EN ELLO!
110,1958380,SoyLucasTomasi,Hace 1 mes,$ 500,500.00,https://youtu.be/rOi6xqqk2l4
111,1958338,SoyLucasTomasi,Hace 1 mes,$ 10 000,10000.00,yo soy Maravillandri
112,1957675,SoyLucasTomasi,Hace 1 mes,$ 1 000,1000.00,"lisa lloró , maggie rio y todo fue muy confuso porque el coco estaba en la casa https://www.youtube.com/watch?v=m-gMAdNEDf4"
113,1957643,SoyLucasTomasi,Hace 1 mes,$ 500,500.00,"los pibitos de hoy en día no le saben a vivir, yo en mi época. https://www.youtube.com/watch?v=CWRjmqhW4u0"
114,1957598,SoyLucasTomasi,Hace 1 mes,$ 1 000,1000.00,https://www.youtube.com/watch?v=C8LdmQm7RjE mira que lindo che!
115,1954510,Soylucastomasi,Hace 1 mes,$ 500,500.00,Mira palan el este otro video que hice con IA: https://m.youtube.com/shorts/akL0KmsXR4g
116,1954477,Soylucastomasi,Hace 1 mes,$ 2 000,2000.00,https://x.com/soylucastomasi/status/2085429318847549686?s=46
117,1953929,SoyLucasTomasi,Hace 1 mes,$ 2 000,2000.00,https://youtu.be/rcz3mbLIpQI?si=IGkCDzTgpg4nXhQx&t=1 ULTIMOYMEVOYPALAN
118,1953917,SoyLucasTomasi,Hace 1 mes,$ 2 000,2000.00,https://www.youtube.com/watch?v=pFYF_Ta_U4I
119,1953913,SoyLucasTomasi,Hace 1 mes,$ 1 000,1000.00,"https://youtu.be/sgFosdf3b0g?si=S07ur9CsUVF6-8e6&t=38 palan,  te lo apalan"
120,1953894,SoyLucasTomasi,Hace 1 mes,$ 200,200.00,paralos  del lore lizar: https://x.com/PretoriArg/status/1865816574487363997?s=20
121,1953397,Soylucastomasi,Hace 1 mes,$ 5 000,5000.00,https://youtu.be/uoL68KgPDn4?feature=shared A ver si aprenden sabandijas!!
122,1953382,SoyLucasTomasi,Hace 1 mes,$ 1 000,1000.00,https://www.youtube.com/watch?v=Zl8EkvISuw8 podemos ver lo svieos del profe?
123,1951704,SoyLucasTomasi,Hace 1 mes,$ 1 000,1000.00,palan. https://x.com/soylucastomasi/status/2083245882149896388/video/1
124,1951685,SoyLucasTomasi,Hace 1 mes,$ 2 000,2000.00,https://www.youtube.com/watch?v=cDNFNXrH0Js palanpodemos ver 1 min?
125,1951592,SoyLucasTomasi,Hace 1 mes,$ 1 000,1000.00,"https://youtu.be/WINPRlaqBdM?si=lTJ0GQbSfD2HZV2A su papá murió em algún lugar, su mamá tambien y el pobrecito hacia de todo por ahí y por allá"
126,1950654,Soylucastomasi,Hace 2 meses,$ 500,500.00,https://www.instagram.com/reel/DUWpugxkmdJ/
127,1950645,Soylucastomasi,Hace 2 meses,$ 110,110.00,Me resumis palan? Qué pasó en el día de hoy? Desde que reabrió telam no me entero de nada
128,1950629,Soylucastomasi,Hace 2 meses,$ 5 000,5000.00,https://youtu.be/7g6unzQ5K8U De pie hijos de fruta
129,1950167,Soylucastomasi,Hace 2 meses,$ 1 000,1000.00,https://youtu.be/EhFiMkznRWM?t=24&feature=shared Palan! Si lo dejas el señor larga vida te va a dar
130,1950113,SoyLucasTomasi,Hace 2 meses,$ 5 000,5000.00,https://www.youtube.com/watch?v=Tj9iImrUlXs&t=309s palan podemos ver?
131,1949768,SoyLucasTomasi,Hace 2 meses,$ 500,500.00,https://youtu.be/Db2EpKegJDI?si=JK40snv0sYhr9EpC&t=1  palan autorizo la tormenta de clips de davo garchando futbolitos por el mundo
132,1949751,SoyLucasTomasi,Hace 2 meses,$ 5 000,5000.00,https://youtu.be/j3JqlXDHIQ4?si=AixcwwmOFMwhEy3J&t=910 palan podemos ver un rato asi se divierte la palanqueta?
133,1949726,SoyLucasTomasi,Hace 2 meses,$ 1 000,1000.00,"ayer vi la última de mia khalifa, palan! no es la de nolan pero va! te dejo link https://www.migarchalifa.com/laultima"
134,1948049,SoyLucasTomasi,Hace 2 meses,$ 1 000,1000.00,quieren saber toda la verdad? https://www.masoneria-argentina.org.ar/ingresar-a-la-masoneria/ facil facil https://ok.ru/video/1543162366680
135,1947707,SoyLucasTomasi,Hace 2 meses,$ 5 000,5000.00,"https://www.youtube.com/watch?v=cuMLwo3jK7k principios delos 2000 y yo me reía con esto, uds se creen racistas? jaja"
136,1946801,SoyLucasTomasi,Hace 2 meses,$ 200,200.00,mira como roban palan!!https://www.youtube.com/watch?v=vYnhhmV9Ljc mira como roban
137,1945362,SoyLucasTomasi,Hace 2 meses,$ 1 000,1000.00,https://x.com/soylucastomasi/status/2078169877508940265 AHORA SI PALAN
138,1945329,SoyLucasTomasi,Hace 2 meses,$ 1 000,1000.00,https://www.youtube.com/watch?v=Fw15sEMeM8w ESCUELA DE  TABLONES
139,1945305,SoyLucasTomasi,Hace 2 meses,$ 500,500.00,https://x.com/soylucastomasi/status/2078151131264438304
140,1945256,SoyLucasTomasi,Hace 2 meses,$ 1 000,1000.00,https://youtu.be/otJtphed-9w?si=Tr_Yvc5_PLXS3qMi que es un cucureia?
141,1945235,SoyLucasTomasi,Hace 2 meses,$ 1 000,1000.00,"https://www.youtube.com/live/o2-HjBWqeqk?si=wJoC4mRIFpJ2jgnv&t=4478 lo hicimos de nuevo palan, para el asado!"
142,1945188,SoyLucasTomasi,Hace 2 meses,$ 666,666.00,https://x.com/SenSei_Chulo/status/2077586358890041347?s=20
143,1944604,SoyLucasTomasi,Hace 2 meses,$ 1 000,1000.00,https://x.com/soylucastomasi/status/2077807921568661773
144,1943608,SoyLucasTomasi,Hace 2 meses,$ 99,99.00,https://www.facebook.com/watch/?v=1006401725512654
145,1943607,SoyLucasTomasi,Hace 2 meses,$ 98,98.00,https://www.infobae.com/deportes/2026/07/11/el-dia-que-rattin-fue-expulsado-contra-inglaterra-en-el-mundial-66-estrujo-un-banderin-britanico-y-obligo-a-la-fifa-a-cambiar-el-reglamento/
146,1943602,SoyLucasTomasi,Hace 2 meses,$ 1 000,1000.00,QUE ´PASA GABRIEL NICOLAS PALANDRI?  https://www.infobae.com/deportes/2026/07/11/el-dia-que-rattin-fue-expulsado-contra-inglaterra-en-el-mundial-66-estrujo-un-banderin-britanico-y-obligo-a-
147,1943583,SoyLucasTomasi,Hace 2 meses,$ 1 000,1000.00,https://www.instagram.com/reels/DaqNDHoROfy/
148,1943575,SoyLucasTomasi,Hace 2 meses,$ 1 000,1000.00,https://www.youtube.com/watch?v=5ungpBg9ec8 que pasa ruperto? lo vi en belleza americana
149,1943044,Soylucastomasi,Hace 2 meses,$ 678,678.00,https://x.com/soylucastomasi/status/2076724187297714670?s=46
150,1943006,Soylucastomasi,Hace 2 meses,$ 500,500.00,https://youtu.be/-kf_l4Y_H5o Quien no conoce a D10S...
151,1942968,Soylucastomasi,Hace 2 meses,$ 500,500.00,"Lo de los Nano explosivos es cierto, usan la misma tecnología que los Nano chips de las vacunas de cierto virus. Acá la prueba de jordiwild https://youtu.be/5EvEIwAUZwQ"
152,1942935,Soylucastomasi,Hace 2 meses,$ 1 000,1000.00,https://youtube.com/shorts/ya6P6jm6-hU?si=M-a3cMQZxR2VeAzD Hacelo palan ! Aquino al ddl!!
153,1942668,SoyLucasTomasi,Hace 2 meses,$ 1 000,1000.00,https://x.com/soylucastomasi/status/2076722856138805370/video/1
154,1942636,SoyLucasTomasi,Hace 2 meses,$ 500,500.00,PALAN HAY QUE CERRAR UN POQITO EL ORTO! https://x.com/soylucastomasi/status/2076709385053610027?s=20
155,1942538,SoyLucasTomasi,Hace 2 meses,$ 1 000,1000.00,https://www.youtube.com/watch?v=q2VsAqYP0lo PALAN NO SE SI LA VISTE PERO TE ACORDAS DE ESTA? BUENAS EPOCAS!
156,1942537,SoyLucasTomasi,Hace 2 meses,$ 1 000,1000.00,https://www.youtube.com/shorts/BkKZhQM-h9U TEACORDAS PALAN? TE ACORDAS? TE ACORDAS? YO SI!
157,1941359,SoyLucasTomasi,Hace 2 meses,$ 5 000,5000.00,"https://www.youtube.com/watch?v=NQTTo_AG_lA PALAN, TE DEJO aca LA PRIMERA VEZ QUE FUI A VER A LA SELECCION, la poderosa sub 20 deSaviola, Maxi Rodríguez, D'Alessandro, Coloccini, Burdisso, Arca, Rosales, Ponzio, Romagnoli, Colotto, Lux    LA"
158,1941321,SoyLucasTomasi,Hace 2 meses,$ 1 000,1000.00,https://www.youtube.com/watch?v=NG2GHShXw8U viste la opinion del rocho?
159,1940494,soylucastomasi,Hace 2 meses,$ 1 000,1000.00,Algo que los aborteros nunca van a ver palan! Ni al asesinato de bebés! https://x.com/soylucastomasi/status/2074895098354033051?s=46
160,1940392,SoyLucasTomasi,Hace 2 meses,$ 500,500.00,https://assets.grok.com/users/24c7eae0-e8f0-43d6-83f5-ad3ff5ff2d43/f19b14bb-00af-40f8-8000-50448d4da31d/content?cache=1 penal para riber
161,1939176,SoyLucasTomasi,Hace 2 meses,$ 500,500.00,DEBERÍA HABER FILA CON PRIORIDAD PALAN https://x.com/soylucastomasi/status/2073242207197258012?s=20
162,1937422,SoyLucasTomasi,Hace 2 meses,$ 1 000,1000.00,https://www.youtube.com/watch?v=KSf6iMyD8K8&list=RDKSf6iMyD8K8&start_radio=1 palan en el 2006 en la escuelita nos dijeron que hagamos un dibujo sobre la alegoria de la caverna y yo como soy un palandrista dije: bueno
163,1937374,SoyLucasTomasi,Hace 2 meses,$ 500,500.00,no hay fiesta sin charly https://www.youtube.com/watch?v=xe9ZyHrHDL4
164,1937336,SoyLucasTomasi,Hace 2 meses,$ 500,500.00,tototoototo toototo ootodita https://www.youtube.com/watch?v=tGUrI9Kf_Yc
165,1937334,SoyLucasTomasi,Hace 2 meses,$ 500,500.00,https://www.youtube.com/watch?v=WpJes5XU_cQ
166,1937326,SoyLucasTomasi,Hace 2 meses,$ 2 000,2000.00,"https://www.youtube.com/watch?v=laKnA0iEPI8 PALAN, TE ACORDAS DE CUANDO LLEVABAMOS SOLO A 22 DE NUESTROS MEJORES HOMBRES?"
167,1937293,SoyLucasTomasi,Hace 2 meses,$ 500,500.00,https://www.youtube.com/watch?v=Csbur3A303c PALAN MIRÁ! APRENDIÓ BIEN!
168,1937283,SoyLucasTomasi,Hace 2 meses,$ 500,500.00,"https://www.youtube.com/watch?v=ZmzWt7aX-bE PALANCA, NO SERÍA MARAVILLOSO?"
169,1937280,SoyLucasTomasi,Hace 2 meses,$ 1 000,1000.00,DEJALO PALAN A PRECIO DE DOS LINKS https://www.youtube.com/watch?v=4h6ugnibgfo
170,1937279,SoyLucasTomasi,Hace 2 meses,$ 500,500.00,https://www.youtube.com/watch?v=Q9EhgrF6Hq4 NO  ENTENDÍ
171,1937250,SoyLucasTomasi,Hace 2 meses,$ 500,500.00,ARRANCO VIERNES DE PUBLICIDADES RETRO https://youtu.be/fpSsUm4kEaA?si=Gg7s1uOBUsMMVpKx
172,1937248,SoyLucasTomasi,Hace 2 meses,$ 222,222.00,https://www.tiktok.com/@yulissa_cm21/video/7559541733944577300?is_from_webapp=1&sender_device=pc
173,1936471,SoyLucasTomasi,Hace 2 meses,$ 11 111,11111.00,https://www.youtube.com/watch?v=ez6KBtIvk58&list=PL2EC2E705869D59C5&index=3 PALAN DEJALO POR  $11.111 PA
174,1936367,SoyLucasTomasi,Hace 2 meses,$ 500,500.00,"https://youtu.be/hXvZxKKfVNY?si=NbGT115iRrw5CzLY cuando he man tiene que ir al centro, lo llama!"
175,1936360,SoyLucasTomasi,Hace 2 meses,$ 500,500.00,"https://www.youtube.com/watch?v=RrI5dn6-KC4 palan, te enteraste del kiwi?  que fruto bardero"
176,1935917,SoyLucasTomasi,Hace 2 meses,$ 100,100.00,"palan, no autorizo"
177,1935866,SoyLucasTomasi,Hace 2 meses,$ 500,500.00,espero que los de cabo verde sean iguales de capos que este loco cuando se enfrenten en 8vos. cabo verde campeón del mundo!  https://www.youtube.com/shorts/1MSsKtT7H9U
178,1935832,SoyLucasTomasi,Hace 2 meses,$ 500,500.00,"PALAN, APUESTO A QUE NUNCA VISTE A UN COALA CON CONJUNTIVITIS https://youtu.be/EWou5RQavJ4?si=fdbrazhgTutwuv2-&t=138"
179,1935397,SoyLucasTomasi,Hace 2 meses,$ 500,500.00,PATRIOTAS https://x.com/questiona_te/status/2071912693045338459?s=20
180,1935394,SoyLucasTomasi,Hace 2 meses,$ 900,900.00,faltó el 0 en el anterior palan. hoy fuimos al médico. no quiero decir nada pero la última vez nos vino con la copa bajo el brazo.
181,1935379,SoyLucasTomasi,Hace 2 meses,$ 100,100.00,arrancan las cruzadas https://x.com/Inevitablewest/status/2071957081385488553?s=20
182,1935376,SoyLucasTomasi,Hace 2 meses,$ 500,500.00,https://x.com/En_jupiter_/status/2071790341519249771/photo/1
183,1935363,SoyLucasTomasi,Hace 2 meses,$ 1 000,1000.00,palan corrsponde volver a ver https://x.com/Baitdelponjaa/status/2071784715703521653/video/1
184,1935360,SoyLucasTomasi,Hace 2 meses,$ 500,500.00,palan ave los chinos https://x.com/nosoypitti/status/2071694963780280575?s=20
185,1935353,SoyLucasTomasi,Hace 2 meses,$ 500,500.00,palante dejo el tuit del año segun piro https://x.com/agachatqtlameto/status/2071918084370096220?s=20
186,1935352,SoyLucasTomasi,Hace 2 meses,$ 500,500.00,hacelo javito! https://x.com/mdzol/status/2071969992338252191?s=20
187,1934862,soylucastomasi,Hace 3 meses,$ 500,500.00,
188,1934856,soylucastomasi,Hace 3 meses,$ 500,500.00,Nunca me pasó https://youtube.com/shorts/QbNfD5ekP2w?si=HxoGm8-1ZxHnxxeX
189,1933608,SoyLucasTomasi,Hace 3 meses,$ 200,200.00,"https://pbs.twimg.com/media/G42rvUlXUAA24x9.jpg palan, recuerden a santili"
190,1933606,SoyLucasTomasi,Hace 3 meses,$ 200,200.00,https://pbs.twimg.com/media/HIVoVIhXAAAOd5T.png palan tengo este problema
191,1933602,SoyLucasTomasi,Hace 3 meses,$ 100,100.00,"@soylucastomasi  777,17 USD palan ceneka se confundió, eran pesos. me devolves?"
192,1933598,SoyLucasTomasi,Hace 3 meses,$ 200,200.00,"palan ahora te voy a pasar memes, nuevo trend https://pbs.twimg.com/media/HJlOfoEWcAIsW9y.jpg"
193,1933595,SoyLucasTomasi,Hace 3 meses,$ 200,200.00,"https://pbs.twimg.com/media/HJsibTYXEAIYwXs.jpg palan, para hablar hay que presentar ésta credencial."
194,1933449,SoyLucasTomasi,Hace 3 meses,$ 1 000,1000.00,"Palan, podemos ver https://www.youtube.com/watch?v=L5278AtSr8M ?"
195,1933053,SoyLucasTomasi,Hace 3 meses,$ 500,500.00,https://url-shortener.me/NG0T
196,1933052,SoyLucasTomasi,Hace 3 meses,$ 500,500.00,https://url-shortener.me/NG0S
197,1933050,SoyLucasTomasi,Hace 3 meses,$ 1 000,1000.00,https://www.eldia.com/nota/2005-1-20--terminestor-05-el-exito-de-carlos-paz
198,1933000,SoyLucasTomasi,Hace 3 meses,$ 1 000,1000.00,https://youtu.be/OR2k6cfFOwk?si=00dj-XUQ06PKZh7q&t=298
199,1932952,SoyLucasTomasi,Hace 3 meses,$ 1 000,1000.00,"Ronaldinho: Lionel Palandri sabía hacer todos los trucos que yo hacía, solo que no le gustaba presumir. https://x.com/GlenBarche/status/2069866804776784165?s=20"
200,1932950,SoyLucasTomasi,Hace 3 meses,$ 1 000,1000.00,https://x.com/OOC_DAVO/status/2069845428514730060?s=20 a mechico le gano con la pija muerta palan
201,1932627,SoyLucasTomasi,Hace 3 meses,$ 1 000,1000.00,https://www.youtube.com/watch?v=Hub1dziBcH4 palan que opoinas?
202,1932554,soylucastomasi,Hace 3 meses,$ 1 000,1000.00,Tiene que venir la flaca a salvar la franquicia y al video https://youtu.be/nFcC6xIqI1k?t=210&si=KI9f_IwDksSXRijn 4 segundos palan por Pipo!
203,1932512,SoyLucasTomasi,Hace 3 meses,$ 5 000,5000.00,"palan, activa subtítulos automáticos para los de boca y disfruta https://www.youtube.com/watch?v=nFcC6xIqI1k&list=RDnFcC6xIqI1k&start_radio=1 pd perdon por el copy"
204,1932495,SoyLucasTomasi,Hace 3 meses,$ 500,500.00,https://x.com/soylucastomasi/status/2069811971193475250?s=20 la autentica mano de Dios
205,1932485,soylucastomasi,Hace 3 meses,$ 500,500.00,https://x.com/soylucastomasi/status/2069810781806366884?s=46 Podrás tener todo rosa Atlas! Pero tenes estas?
206,1931878,SoyLucasTomasi,Hace 3 meses,$ 1 000,1000.00,"https://www.youtube.com/watch?v=BghJGHhJLv8 palan, y este chad?"
207,1931877,SoyLucasTomasi,Hace 3 meses,$ 500,500.00,https://www.youtube.com/watch?v=5mhf4t3byWA palan!
208,1931357,SoyLucasTomasi,Hace 3 meses,$ 500,500.00,https://pbs.twimg.com/media/HLTkqHaWIAAfiLn?format=jpg&name=small
209,1931352,SoyLucasTomasi,Hace 3 meses,$ 500,500.00,https://media.a24.com/p/fa4a55f13381a0a8f6a7811ac0f0feac/adjuntos/296/imagenes/009/434/0009434604/1200x0/smart/imagepng.png
210,1930331,SoyLucasTomasi,Hace 3 meses,$ 50 000,50000.00,"palan, vos estas a favor del robo?"
211,1929929,SoyLucasTomasi,Hace 3 meses,$ 500,500.00,https://www.youtube.com/watch?v=RKclo28xUZw LOS VOCEROS SON TEMERARIOS
212,1929925,SoyLucasTomasi,Hace 3 meses,$ 500,500.00,TU ERES EL VOCERO https://www.youtube.com/watch?v=pG701ebj56E
213,1929918,SoyLucasTomasi,Hace 3 meses,$ 500,500.00,QUE LE REVISEN LOS PENDRIVES!
214,1929910,SoyLucasTomasi,Hace 3 meses,$ 1 000,1000.00,"che falleció palandri, parece que van a tener que reemplazarlo con un pajarito que aprieta la tecla cualquiera. cambiá palan"
215,1928521,SoyLucasTomasi,Hace 3 meses,$ 500,500.00,PALAN mirá como hice llorar a los provincianos! https://x.com/soylucastomasi/status/2066316669903896945 ..la totalidad de la provincia saltó
216,1928514,SoyLucasTomasi,Hace 3 meses,$ 5 000,5000.00,dejalo completo y ponelo 5 veces más palan.. es día todos fuimos de bostero. https://www.youtube.com/watch?v=wnxL2IB1xzk        https://www.youtube.com/watch?v=P6AtXQGJwAg
217,1928498,SoyLucasTomasi,Hace 3 meses,$ 1 000,1000.00,dager explicando por que japón va a salir campeón https://www.tiktok.com/@miguelaudicio/video/7352957256209714437
218,1928488,SoyLucasTomasi,Hace 3 meses,$ 1 000,1000.00,"https://www.youtube.com/watch?v=QXTE-C3ov-g PALAN, COMO MEEHHH SI ENOJÉ ESE DÍA! COMO ME ENOJÉ ESE DÍA CON EL BURRITO BORRACHO DE MIER,AHH PERO MIRA COMO ME VOY A ENOJAR CON ESE TIPAZO? ESE CABEZAZO FUE ARTÍSTICO!"
219,1928478,SoyLucasTomasi,Hace 3 meses,$ 1 000,1000.00,https://www.instagram.com/reels/DV_lARKka-s/ palan dejá dejá
220,1928437,SoyLucasTomasi,Hace 3 meses,$ 500,500.00,-Y enzo que opinas de los argelinos?   + son come travas como el puto de embape!  - para enzo!!!!  + jajjjajaja bueno
221,1927947,SoyLucasTomasi,Hace 3 meses,$ 500,500.00,https://x.com/soylucastomasi/status/2066316669903896945
222,1927930,SoyLucasTomasi,Hace 3 meses,$ 5 000,5000.00,"Palan, te mandé el final del show del pela de ayer! No nos peleemos entre nosotros, como dice el pela!"
223,1927875,SoyLucasTomasi,Hace 3 meses,$ 500,500.00,"Increíble, inmejorable, el mejor comercial de la historia, cumple, no es el peor comercial de la historia https://youtube.com/shorts/P0v8xOUJ7y0?si=Kibj8soVoFy-5UEW es el mejor"
224,1927288,SoyLucasTomasi,Hace 3 meses,$ 500,500.00,El estado de las rutas helicópteras es desastroso
225,1927226,SoyLucasTomasi,Hace 3 meses,$ 500,500.00,Déjalo completo palan son 30 seg. Y si ya lo mandaron pásalo 3 veces mas!! https://youtu.be/YP3sphSAWqw?t=14&si=uK4J9zPPfaba4d9z
226,1924920,SoyLucasTomasi,Hace 3 meses,$ 10 000,10000.00,el que confía en un político es un mogólico y también un pelotudo
227,1924146,SoyLucasTomasi,Hace 3 meses,$ 100,100.00,"Cuando llegó a Oregón, Keiko experimentó por primera vez en más de 14 años el agua salada del mar, sus lesiones cutáneas comenzaron a disminuir y aumentó más de media tonelada durante su estancia,"
228,1924138,SoyLucasTomasi,Hace 3 meses,$ 100,100.00,"Free Willy Keiko Foundation  fue fundada el 1 de noviembre de 1994, por los entrenadores y fanes de Keiko, por la Warner Bros, por el millonario Craig McCaw y por la org Earth Island Inst."
229,1924133,SoyLucasTomasi,Hace 3 meses,$ 100,100.00,"Palan, sabías que en un acto insólito e inesperado, en 1995, y tras la presión de recibir más de 1500 cartas quincenales suplicando, Keiko fue donada por Reino Aventura a la Fundación Liberen a Keiko abrazo"
230,1924118,SoyLucasTomasi,Hace 3 meses,$ 500,500.00,"Marian: es mi opinión y si no te gusta: me chupa la pija la opinión de los kukas, buta!"
231,1924095,SoyLucasTomasi,Hace 3 meses,$ 500,500.00,"Como decía Perón sobre las comisiones de mujeres y diversidad: ""Para que algo no funcione, nada mejor que formar una comisión"""
232,1924083,SoyLucasTomasi,Hace 3 meses,$ 500,500.00,Piedad kuaren kukeichardt https://x.com/karenreichardt1/status/2064715653618045283?s=46
233,1924044,SoyLucasTomasi,Hace 3 meses,$ 500,500.00,https://x.com/soylucastomasi/status/2064722779916648578?s=46 Nosotros vs ellos palan
234,1924023,SoyLucasTomasi,Hace 3 meses,$ 500,500.00,https://x.com/frannkitoo_zn/status/1965648290088976694?s=46
235,1924009,SoyLucasTomasi,Hace 3 meses,$ 500,500.00,Nosotros vs ellos.. ya saben el resto
236,1923999,SoyLucasTomasi,Hace 3 meses,$ 500,500.00,El que intente operar al palan se seca
237,1923989,SoyLucasTomasi,Hace 3 meses,$ 500,500.00,Te alerté sobre esta señora hace casi un año palan! Te acordas?
238,1923383,SoyLucasTomasi,Hace 3 meses,$ 500,500.00,Palan cada vez que veo esa publicidad de filmsuez vuelvo al 99 en cinemark y a esta masterpiece https://youtu.be/CutxNHy0Bfs?si=IgUPl6A4Q3Jdnso4
239,1923301,SoyLucasTomasi,Hace 3 meses,$ 100,100.00,https://www.youtube.com/live/o50yMp5CeQ0?si=fG_ppKeV7My3_zB1&t=8557
240,1923266,SoyLucasTomasi,Hace 3 meses,$ 25 000,25000.00,Toma palan 25.000.000
241,1923160,soylucastomasi,Hace 3 meses,$ 500,500.00,"mueve el totó, toto! https://x.com/soylucastomasi/status/2064333666981978462?s=20"
242,1922091,soylucastomasi,Hace 3 meses,$ 10 000,10000.00,"https://youtu.be/Z8z5T6JGa-0?si=SK4TZ8Z9NZwjHmT2&t=44 palan deja lo maximo que puedas por mi palan, por pipo"
243,1922080,soylucastomasi,Hace 3 meses,$ 500,500.00,Dedicato a tutti quelli che sono allo sbando https://www.instagram.com/s/aGlnaGxpZ2h0OjE3ODg2Njg3OTQ5NjE2NjI2?story_media_id=2244038778413288387&igsh=MXNkb2h3aWZyMmQ2Mw==
244,1922056,soylucastomasi,Hace 3 meses,$ 500,500.00,https://www.instagram.com/insights/media/2261179670274224783/ cuando era mainstream pero también bueno   aczino el mejor maldito freestylero que se ha parido
245,1922052,soylucastomasi,Hace 3 meses,$ 500,500.00,Aguante el negro kravitz https://www.instagram.com/s/aGlnaGxpZ2h0OjE3ODgxOTc3Mzk3NjczNjM0?story_media_id=2012438946908158363&igsh=NXJsNTB0ZHc0cHMw
246,1922049,soylucastomasi,Hace 3 meses,$ 500,500.00,vengo con rimas kilometricas palan https://www.instagram.com/stories/highlights/17881977397673634/
247,1922043,soylucastomasi,Hace 3 meses,$ 500,500.00,"https://www.youtube.com/watch?v=hkXLwlAVYNM&t=123s deja palan un momentito porfa ! toma una lista de mis amigos, quiero convencerlos que vuelvan conmigo.."
248,1922030,soylucastomasi,Hace 3 meses,$ 500,500.00,palan estoy dispuesto a dejar dineral si me dejas las historias completas jaja https://www.instagram.com/stories/highlights/17852764135962428/
249,1922026,soylucastomasi,Hace 3 meses,$ 98,98.00,https://www.facebook.com/reel/10155400693344216 FACEBOOK NO PERMITE ADELANTAR ASIQUE PONEE EL MIN 5:30 POR FAVOOO PALANGOD tenias que sacar la vista mobile pero ya no tiene gracia
250,1922021,soylucastomasi,Hace 3 meses,$ 1 000,1000.00,https://www.facebook.com/reel/10155400693344216 FACEBOOK NO PERMITE ADELANTAR ASIQUE PONEE EL MIN 5:30 POR FAVOOO PALANGOD
251,1922017,soylucastomasi,Hace 3 meses,$ 100,100.00,PRESTA ATENCION PALAN
252,1922003,soylucastomasi,Hace 3 meses,$ 100,100.00,"LA CEREZA EL POSTRE: el legendario Joe Satriani rompiendo la web con el koreano masivo viral interpretaron la versión del koreano de canon rock, que luego fue usada por los herederos de alberdi para su clásico son todos fachos menos vos"
253,1921994,soylucastomasi,Hace 3 meses,$ 99.99,99.99,"El repertorio abarcó una mezcla ecléctica de actuaciones que iban desde breakdance, números de parkour y experimentos en vivo de los Mythbusters, hasta segmentos cómicos y musicales"
254,1921993,soylucastomasi,Hace 3 meses,$ 100,100.00,"Durante el show, se entregó el primer y único ""Premio Visionario de YouTube"" a la reina Rania de Jordania, en reconocimiento por el uso de la tecnología para generar un impacto social positivo y derribar estereotipos culturalES"
255,1921991,soylucastomasi,Hace 3 meses,$ 100,100.00,"Fue presentado por celebridades de YouTube , incluyendo AL rapero will.i.am de The Black Eyed Peas , Tom Dickson de Will It Blend , Michael Buckley , The Happy Tree Friends , Fred , Smosh , Esmée Denters , Bo Burnham y la cantante Katy Perry,"
256,1921988,soylucastomasi,Hace 3 meses,$ 100,100.00,HISTORICO: YouTube Live fue un evento de 2008 transmitido en vivo por Internet desde San Francisco y Tokio. Se lanzó del 22 al 23 de noviembre de 2008.
257,1921986,soylucastomasi,Hace 3 meses,$ 100,100.00,"palan, en serio no estabas al tanto del primer live de youtube? fue emocionante. entrabas a youtbe y aparecia un cartel raro que decía ""IR AL VIVO"" y te redirigía al vivo: MULTICAM y permitía ver en calidad alta, media y baja. INEDITO"
258,1921967,soylucastomasi,Hace 3 meses,$ 2 000,2000.00,LEGENDARIO palan: Así fue la primera transmisión en vivo de YouTube. JOE SATRIANI participó con el koreano FUNTWO y su reciente clásico CANON ROCK https://www.youtube.com/watch?v=fsyeYtC2SHw
259,1921923,soylucastomasi,Hace 3 meses,$ 500,500.00,https://youtu.be/iVQf7xvVJMw?t=379&si=7i2V5Jppp_D2JRnU Quiero tomar un trago de cerveza fresca
260,1921876,soylucastomasi,Hace 3 meses,$ 500,500.00,https://youtu.be/I_0dsWGRq6A?t=0&si=FGCH5axwLYZUuwnl Quiero tomar cermeeeezaaaa
261,1921155,soylucastomasi,Hace 3 meses,$ 1 000,1000.00,lo hice rápido y asá salió https://x.com/soylucastomasi/status/2063031582798098858/video/1
262,1920948,soylucastomasi,Hace 3 meses,$ 1 000,1000.00,"Es de suprema importancia que lo dejes entero, al final lo vas a entender y no tiene xopy https://youtube.com/shorts/0qW_dyUUg4Q?si=VIevTq0IU9dYrD30"
263,1920852,soylucastomasi,Hace 3 meses,$ 1 000,1000.00,"“Qui hanc cantionem non amat, anima caret et cinaedus est“  https://youtu.be/1GQiXWOgg7A?t=95&si=fOVCKfxyeTEXmDcs"
264,1920769,soylucastomasi,Hace 3 meses,$ 1 000,1000.00,"Esa foto fue hace 16 años en abaheim, CA. No era floger, estaba con el pelo en proceso de crecimiento. Pd: yo si le hice tributo a iorio https://www.instagram.com/reel/CyzZlXVOMkf/?igsh=cTM2eGtvMW16MzU0"
265,1920725,soylucastomasi,Hace 3 meses,$ 1 000,1000.00,Pero mira que tipazo!!   https://x.com/soylucastomasi/status/2062900705850015773?s=46    También está el indio!
266,1920724,soylucastomasi,Hace 3 meses,$ 100,100.00,A mi no me gusta esta banda: https://x.com/soylucastomasi/status/2062904488180978077?s=46
267,1920719,soylucastomasi,Hace 3 meses,$ 1 000,1000.00,Palan mi puesto 1 en ceneka también fue por equivocación. Me devolves?
268,1919979,Soylucastomasi,Hace 3 meses,$ 100,100.00,Vendo todo porque me mudo. Vendo: consolador de 50 cm turbo max y con vibración automática
269,1919939,soylucastomasi,Hace 3 meses,$ 1 000,1000.00,https://www.youtube.com/watch?v=bTDZXzI_Ab8
270,1919934,soylucastomasi,Hace 3 meses,$ 1 000,1000.00,https://www.youtube.com/watch?v=S8g8inWXJDk
271,1919832,soylucastomasi,Hace 3 meses,$ 100,100.00,"LA CONCHA DE SUS MADRES, PALAN. https://x.com/soylucastomasi/status/2062564908156240100?s=20"
272,1919805,soylucastomasi,Hace 3 meses,$ 1 000,1000.00,3 K PORQU ME CAGARON 2 K https://x.com/soylucastomasi/status/2062560451397841091/video/2  https://x.com/soylucastomasi/status/2062560451397841091/video/1
273,1919788,soylucastomasi,Hace 3 meses,$ 1 000,1000.00,FEMINAS DE BOCA SALIENDO CAMPEONAS. YO CREO QUE DEBERIAN GANAR LOMISMO QUELOS HOMBRES! https://x.com/soylucastomasi/status/2062557519961108941/photo/1
274,1919774,soylucastomasi,Hace 3 meses,$ 1 000,1000.00,TE DEJO UN REGALO PALAN https://x.com/soylucastomasi/status/2062555230399574324?s=20
275,1919768,soylucastomasi,Hace 3 meses,$ 500,500.00,SI HUBIERA UN LUCHADOR PERONISTA EN EL MORTAL KOMBAT SE LLAMARÍA: SUB SIDIO
276,1919747,soylucastomasi,Hace 3 meses,$ 1 000,1000.00,https://www.youtube.com/shorts/7sZFakP_tZ4 esto es de vital importancia para el mundial. SACARLO ES  FEMICIDIO CON ALEVOSÍA y  TENTATIVA DE HOMICIDIO
277,1919693,soylucastomasi,Hace 3 meses,$ 1 000,1000.00,"https://youtube.com/shorts/nhJrD4jZCNI?si=6ix9aVlL_DskPh4D Esto es clave para comprender todo, al final lo vas a entender"
278,1919195,soylucastomasi,Hace 3 meses,$ 1 000,1000.00,"como supongo que lo vas a sacar antes,   insisto en enfocarme en esta parte https://youtu.be/FKBdjR6CL3I?t=897&si=6d2g4pZhlqdxZSC7"
279,1919190,soylucastomasi,Hace 3 meses,$ 1 000,1000.00,el waskismo  https://youtu.be/FKBdjR6CL3I?t=863&si=poAPye_a3bZkp5Ty
280,1919133,soylucastomasi,Hace 3 meses,$ 1 000,1000.00,"che palan, volvamos a las bases https://youtu.be/8wXak4_H_0A?si=7nAnpQ-dRqrJv1Ot novedades de salva"
281,1919071,soylucastomasi,Hace 3 meses,$ 100,100.00,que pasó ahora palan?
282,1918497,soylucastomasi,Hace 3 meses,$ 1 000,1000.00,https://youtu.be/DYUpCnu6dYM?si=gD5oV2NvrhqhenqH&t=190 palan deja por favor te pido por favor dejá media hora
283,1918478,soylucastomasi,Hace 3 meses,$ 500,500.00,"palan, no dejes morir esta joyita https://youtu.be/bzSiR9gh5co?si=3Us11X19Xw3U7lJt por favor te pido"
284,1918474,soylucastomasi,Hace 3 meses,$ 500,500.00,https://www.youtube.com/watch?v=Ngfc68_UvWk palan mirá 10 segundos nomás por favor te pido por favo te pido dios es la salvación
285,1918470,soylucastomasi,Hace 3 meses,$ 200,200.00,"mira palan, tiene forma de https://blogger.googleusercontent.com/img/b/R29vZ2xl/AVvXsEgDCoTJrtiyYyVUeJbngBU5HFz1Zenmk9HN9TTROhJ1m_xZ7bR_TFZd_Zw_erfTzvFbKd3IYIfMmbIX2TypXhOa8IXEir5uRX19kIDPi9AYxJtVvg5AELW_3AmVYcmQen6EjMiOY3j97C4/s400/nube-yoda.jpg"
286,1918406,soylucastomasi,Hace 3 meses,$ 500,500.00,por favor deja al menos 10 segundos. https://youtu.be/tREJrIqY8FA?si=8KQVywmp2m-RSKbV&t=97
287,1918386,soylucastomasi,Hace 3 meses,$ 100,100.00,https://www.instagram.com/stories/archive/18452033116114184/ el mio era el naranja palan
288,1918316,soylucastomasi,Hace 3 meses,$ 1 000,1000.00,imaginate? imaginate medio millón de desmadre en tu biografía https://www.youtube.com/shorts/0JF4YQXXXDc?si=vVn4rU9No-G3v9f4
289,1918308,soylucastomasi,Hace 3 meses,$ 100,100.00,"https://pbs.twimg.com/media/HJ0VDrrXIAArG1R?format=png&name=900x900  palan, pasa el contacto de lukindev, me tiene cansado."
290,1918295,soylucastomasi,Hace 3 meses,$ 1 000,1000.00,"me tenes cansado palan, uno le dona le dona le dona le dona a tío y vos nunca atendes!"
291,1918280,soylucastomasi,Hace 3 meses,$ 5 000,5000.00,"https://www.facebook.com/martyfriedman.official/posts/a-la-gilada-ni-cabida/1611397575563919/MARTY FRIEDMAN DECIA LO MISMO, PALAN. A LA GILADA NI CABIDA"
292,1918270,soylucastomasi,Hace 3 meses,$ 5 000,5000.00,"BASTA DE PELOTUDECES PALAN, YODA DECIA: A LA GILADA NI CABIDA LA VEO DESDE ARRIBA"
293,1918256,soylucastomasi,Hace 3 meses,$ 100,100.00,"yo suelo ver peliculas sentado, palan!"
294,1917811,soylucastomasi,Hace 3 meses,$ 500,500.00,así se ve un fiscal que está agarrado hasta los huevos por fuerzas mayores!
295,1917794,soylucastomasi,Hace 3 meses,$ 200,200.00,por esto no es sorpresa LO MAL que va la investigación
296,1917793,soylucastomasi,Hace 3 meses,$ 100,100.00,piedad palan
297,1917792,soylucastomasi,Hace 3 meses,$ 100,100.00,es tremendo político este chad
298,1917790,soylucastomasi,Hace 3 meses,$ 100,100.00,vos que opinas @diegocastillopi?
299,1917771,soylucastomasi,Hace 3 meses,$ 1 000,1000.00,https://youtu.be/0kQmuAR6nVg?si=NAwTgCc_W0BJiwW-
300,1917624,soylucastomasi,Hace 3 meses,$ 1 000,1000.00,https://www.youtube.com/watch?v=Ncphmb-nq3U juana y las chicas
301,1917613,soylucastomasi,Hace 3 meses,$ 1 000,1000.00,palan: https://youtu.be/RXKabdUBiWM?si=jT40Su4MBgcA67e0&t=26
302,1916357,SoyLucasTomasi,Hace 4 meses,$ 199.98,199.98,"palan: le pedi a grok una imagen de messi y tuya juntos , mira lo qe me devolvió! . le pido mejorarlo: ¡Listo! Reemplazado de nuevo con un rostro más real y preciso de Palandri. https://x.com/i/grok/share/576c8960356d41afbed061bf680988aa jijo"
303,1916343,SoyLucasTomasi,Hace 4 meses,$ 1 000,1000.00,visiten Palandri: https://www.youtube.com/watch?v=nb1v2DobPvk
304,1916168,SoyLucasTomasi,Hace 4 meses,$ 500,500.00,https://x.com/soylucastomasi/status/2060368786323067052
305,1915523,SoyLucasTomasi,Hace 4 meses,$ 499,499.00,el javo me trajo aquí https://youtu.be/o1ZskW6rGCM?si=oPt0hwRnqSxFsBj4&t=139
306,1915499,SoyLucasTomasi,Hace 4 meses,$ 1 000,1000.00,"https://www.youtube.com/live/6HA8ol1NI_0?si=CF8FEzQDrQ5LoHQJ&t=6135 palan, hay que apoyar al tío, dejá porfa un momentito, podés explicame que significa ese final? porfa, no te rías de los collas"
307,1915482,SoyLucasTomasi,Hace 4 meses,$ 500,500.00,https://youtu.be/zaE4ybU2C3A?si=65AxNZqM8wvaF6sM&t=3
308,1915435,SoyLucasTomasi,Hace 4 meses,$ 500,500.00,le pedi a grok un meme de la toma y salió https://x.com/soylucastomasi/status/2060026884037972286/photo/1 jaja
309,1915352,SoyLucasTomasi,Hace 4 meses,$ 500,500.00,https://www.youtube.com/shorts/LyXi2rBgqV4 PALAN
310,1915329,SoyLucasTomasi,Hace 4 meses,$ 10 000,10000.00,otra oportunidad a octa y a su amigo el pelado
311,1915294,SoyLucasTomasi,Hace 4 meses,$ 500,500.00,"que onda palan, por que andrew tate? lo googleaste al menos? te la debo"
312,1914938,SoyLucasTomasi,Hace 4 meses,$ 100,100.00,https://pbs.twimg.com/media/HJTCS36X0AM_Ebk?format=png&name=small
313,1914933,SoyLucasTomasi,Hace 4 meses,$ 100,100.00,https://x.com/soylucastomasi/status/2059486090583544160?s=20
314,1914932,SoyLucasTomasi,Hace 4 meses,$ 1 000,1000.00,https://x.com/soylucastomasi/status/2059655669746106372
315,1914929,SoyLucasTomasi,Hace 4 meses,$ 1 000,1000.00,https://www.youtube.com/watch?v=dmDoKUeftvs no se habia pegadpo el link
316,1914915,SoyLucasTomasi,Hace 4 meses,$ 2 000,2000.00,dejalo completo por el amor de dios son 15 segundos o pudranse y metanse los octógonos en el orto . pd: no se que es san lorenzo
317,1914864,SoyLucasTomasi,Hace 4 meses,$ 1 000,1000.00,https://www.youtube.com/watch?v=stP1XQm_hlg el elegido son los retornos que acumulamos en el camino
318,1914853,SoyLucasTomasi,Hace 4 meses,$ 1 000,1000.00,"palan, estaba aburrido y le pedí a grok un video de como salvar al pais https://www.youtube.com/watch?v=ytiZS2ZSLy4"
319,1914830,SoyLucasTomasi,Hace 4 meses,$ 499.99,499.99,"palan, cayeron las ventas? llueve mas? hay mas paises? aumentaron las guerras? COMO MIERDA PUEDE SABER SI CAYERON O NO CAYERON LAS VENTAS? NO APRENDIO NADA DE ESE PRESIDENTE MIGUEL? NO SON DIOS!"
320,1914825,SoyLucasTomasi,Hace 4 meses,$ 100,100.00,"mucha ropa, igual toda. y también toda a larita"
321,1914801,SoyLucasTomasi,Hace 4 meses,$ 1 000,1000.00,"https://www.youtube.com/shorts/7l_aRZ82nI8 estaba aburrido y le pedi a grok un video comparando aceite de oliva y de maiz, no hice nada y salió esto...por que? porque grok"
322,1914624,soylucastomasi,Hace 4 meses,$ 1 000,1000.00,"rufus es palandrista palan, hay pruebas en mi tuiter"
323,1912645,SoyLucasTomasi,Hace 4 meses,$ 1 000,1000.00,https://www.instagram.com/reel/C4QX3VUuQYq/ acá alguien la vio antes que nadie
324,1912642,SoyLucasTomasi,Hace 4 meses,$ 500,500.00,perdon aca está https://x.com/soylucastomasi/status/2057866956040978842?s=20
325,1912637,SoyLucasTomasi,Hace 4 meses,$ 500,500.00,me hice un memesito https://assets.grok.com/users/24c7eae0-e8f0-43d6-83f5-ad3ff5ff2d43/generated/40ee9ef3-ae34-4e42-9b3f-32968d87cd9a/image.jpg
326,1912444,soylucastomasi,Hace 4 meses,$ 500,500.00,"la concha de mi madre javo la puta que te pario, tremenda negra pata sucia. de donde sacas semejante pj? psicotécnico para el javo urgente"
327,1912056,soylucastomasi,Hace 4 meses,$ 110 000,110000.00,SI Y NO A LOS 100 PESINOS. NO A LOS LINKS POR 100 PESINOS
328,1911953,soylucastomasi,Hace 4 meses,$ 1 000,1000.00,"https://www.youtube.com/live/RmkC98eR_9g?si=xqX-KJ4OO68BUDhv&t=304 palan volvamos a las bases, y para los qe te dicen operador? yo les digo: paladín de la libertad"
329,1911348,soylucastomasi,Hace 4 meses,$ 10 000,10000.00,mimiimimi  si se pelean velven los kukas mimimi cuales kukas? los que siguen ahora? los que nunca se fueron? los qe entraron con karina? o los que gobiernan pba?
330,1911200,soylucastomasi,Hace 4 meses,$ 1 000,1000.00,ceteris paribus https://x.com/soylucastomasi/status/2056902842963660918?s=46
331,1911129,soylucastomasi,Hace 4 meses,$ 10 000,10000.00,https://www.instagram.com/p/DYX_qyfxpAE/?igsh=MTRqdWMxNmN3NngwYw
332,1911094,soylucastomasi,Hace 4 meses,$ 1 000,1000.00,MENEM ES INOCENTE Y ACA TENGO LAS PRUEBAS   https://www.instagram.com/p/DYX_qyfxpAE/?igsh=MTRqdWMxNmN3NngwYw
333,1908451,soylucastomasi,Hace 4 meses,$ 100,100.00,"palan, acá en el conurbano somos gente de bien, pero este año cayeron  2 amigos por homicidio calificado, 1 amigo por doble tentativa de homicidio, 2 amigos por estafa (algo con las sira) y un amigo fugado! mi generación está perdida!"
334,1908346,soylucastomasi,Hace 4 meses,$ 1 000,1000.00,palan https://www.instagram.com/p/DVs-tP8AahZ y ademas mirá https://www.instagram.com/reels/DYV0WCHOYo0/     y para finalizar https://www.instagram.com/p/DSvvrgOEqM0
335,1908193,soylucastomasi,Hace 4 meses,$ 1 000,1000.00,https://www.youtube.com/watch?v=a3ZLmsoVi84 palan chavez no sabia sumar
336,1908187,soylucastomasi,Hace 4 meses,$ 1 000,1000.00,queres saber por que ese maestro hizo eso? https://www.youtube.com/watch?v=sFfmlblvFgI
337,1908169,soylucastomasi,Hace 4 meses,$ 1 000,1000.00,https://www.youtube.com/watch?v=W4mL-jqs9cE el mocap
338,1908150,soylucastomasi,Hace 4 meses,$ 1 000,1000.00,"palan, esto tambien es viejardo pero mirá: https://www.clarin.com/politica/vido-compro-equipos-millonarios-nadie_0_Syvq9OMex.html vengo renegando con esto desde ese día"
339,1907672,soylucastomasi,Hace 4 meses,$ 1 000,1000.00,"FANTA, QUE TENDRAS EN EL TERMITO? https://www.youtube.com/watch?v=u7BIxGZ_Frg HACE"
340,1907660,soylucastomasi,Hace 4 meses,$ 1 000,1000.00,"FANTA HACIENDOSE EL PIBARDO.. PUES SI, COMO SEA, ESE RUIDO HARIA SI HICIERA https://youtu.be/vNhkebCq38E?si=fB1Xc_vPkyyyuDhu&t=277"
341,1907602,soylucastomasi,Hace 4 meses,$ 1 000,1000.00,"COMPAÑEROS DE LA LIBERTAD, LAUNICA UNIVERSIDAD PARA INMIGRANTES DEBERIA SER ESTA: https://youtu.be/af7sb_Yj3Uc?si=nkV7MNllUvS4uoxK&t=20"
342,1907580,soylucastomasi,Hace 4 meses,$ 100,100.00,https://revistamercado.do/empresas/exodo-en-nueva-york-por-que-los-grandes-de-wall-street-evaluan-huir-de-mamdani/  Éxodo en Nueva York: por qué los grandes de Wall Street evalúan huir de Mamdani.
343,1907561,soylucastomasi,Hace 4 meses,$ 1 000,1000.00,persona discutiendo con kukardo https://www.youtube.com/watch?v=HD2_l7OZYkQ
344,1907553,soylucastomasi,Hace 4 meses,$ 500,500.00,"palan, hablando de internacionales: viste que los lobos de wall street están huyendo de NY por culpa del kukamckuka socialista MADmani? https://www.binance.com/es-LA/square/post/308249100210914"
345,1907541,soylucastomasi,Hace 4 meses,$ 1 000,1000.00,los kuka leyendo la ley por primera vez https://youtu.be/kAShCTBCIUA?si=n3mHQ0RWLHVR5nRi&t=34
346,1907533,soylucastomasi,Hace 4 meses,$ 1 000,1000.00,"palan este te va a sorprender chamigo, pocas palabras! https://youtu.be/0eHOncefMy4?si=MT2oUGeSZCK-5JOg&t=42"
347,1907529,soylucastomasi,Hace 4 meses,$ 1 000,1000.00,"palan aca tenes un chad menemista laburante y de bien. si estuviera vivo sería mileísta, pero de  javier milei. sin dudas. https://www.youtube.com/shorts/zAo_tRqu7vA"
348,1907499,soylucastomasi,Hace 4 meses,$ 1 000,1000.00,PALAN NO DEJES MORIR ESTA JOYA! https://youtu.be/UoVGw_O2F-A?si=I3YFT6Frc85JsXxM&t=5919
349,1907455,soylucastomasi,Hace 4 meses,$ 500,500.00,"palan, hombres vs mujeres.  sale poll?"
350,1907435,soylucastomasi,Hace 4 meses,$ 1 000,1000.00,"palan, https://www.youtube.com/watch?v=r_pSbvgSNhA"
351,1907411,soylucastomasi,Hace 4 meses,$ 1 000,1000.00,LA VIEJA ES CLAVE https://www.youtube.com/shorts/9aU1TFWHzYA
352,1907409,soylucastomasi,Hace 4 meses,$ 1 000,1000.00,PERO TAMBIEN PASA ESTO: https://www.youtube.com/shorts/0Bj72syVe9M
353,1907407,soylucastomasi,Hace 4 meses,$ 1 000,1000.00,"PALAN, MIRÁ! https://youtu.be/mZn8UoCrKgU?si=cTfvIG82f3pRthyn&t=16"
354,1906200,soylucastomasi,Hace 4 meses,$ 200,200.00,"Palan sos diabólico monetizando los links. La avaricia es pegado, al final lo único que queres  es ver guita."
355,1906089,soylucastomasi,Hace 4 meses,$ 1 000,1000.00,"https://youtu.be/vCEvCXuglqo?si=WeFWKvuEZlxvQXd9&t=105 asi es maría palan, pero es veneno si te quieres enamorar!"
356,1906073,soylucastomasi,Hace 4 meses,$ 1 000,1000.00,PALAN AVISAME SI VAMOS A SER 3 YA TENGO TODO! https://www.youtube.com/shorts/MQu7p4bgvrA
357,1906038,soylucastomasi,Hace 4 meses,$ 1 000,1000.00,https://youtu.be/JJtxuj7tmkI?si=6UhX30jM0OQaOMQr&t=91
358,1906035,soylucastomasi,Hace 4 meses,$ 1 000,1000.00,"mira palan, la calle está muy jodida, y no te estoy hablando corte antichorros.. a mi la policía me reconoció y me fue mal, de frente mal! yo hago música para la gente, trato de divertir a la gente y trato de no hacer apología!"
359,1905949,soylucastomasi,Hace 4 meses,$ 1 000,1000.00,palan! cuando vuelve lhda deportes? te dejo un clásico para que reacciones https://www.youtube.com/shorts/hOID9UFXMYc
360,1905550,soylucastomasi,Hace 4 meses,$ 1 000,1000.00,https://x.com/soylucastomasi/status/1977564797035249967?s=20 palan los kukas no podian decir la palabra inflación
361,1905533,soylucastomasi,Hace 4 meses,$ 1 000,1000.00,https://x.com/soylucastomasi/status/1981553130039894327/video/1 ave palan ave ponzi
362,1905520,soylucastomasi,Hace 4 meses,$ 1 000,1000.00,https://x.com/soylucastomasi/status/1905464606018990233/video/1
363,1905515,soylucastomasi,Hace 4 meses,$ 1 000,1000.00,palan te acordas ? te acordas? cuando viene zica? aguiar y zica al ddl
364,1905503,soylucastomasi,Hace 4 meses,$ 100,100.00,esto era pauta https://x.com/soylucastomasi/status/1895701101938360831/photo/1
365,1905498,soylucastomasi,Hace 4 meses,$ 1 000,1000.00,"https://x.com/i/status/2042446827790663975 palan el culpable de todo fue diego castillo! no a la tirania de abel, palandrismo disidente"
366,1905435,soylucastomasi,Hace 4 meses,$ 1 000,1000.00,"palan, lanata sabe algo: https://www.youtube.com/watch?v=Bo4Wfx7jpYc"
367,1905410,soylucastomasi,Hace 4 meses,$ 1 000,1000.00,"https://youtu.be/RVfs7eW-mPA?si=zbru-DGXRRgdTHdg&t=78 aguante el daytona, aguante el pity, loco! aguante intoxicados!"
368,1905364,soylucastomasi,Hace 4 meses,$ 1 000,1000.00,"palan, podemos ver? https://youtu.be/0M_eI3rhN68?si=JJKQ7basYr8Qtwyg&t=13  ACTION"
369,1905360,soylucastomasi,Hace 4 meses,$ 1 000,1000.00,"palan, podemos ver? https://www.youtube.com/watch?v=oTPOFWpX3hc ..emilio, quien no conoce a Dios, a cualquier santo le reza"
370,1905358,soylucastomasi,Hace 4 meses,$ 100,100.00,https://i.redd.it/2azb2voiciie1.jpeg en mis juegos siempre hubo mujeres
371,1903947,soylucastomasi,Hace 4 meses,$ 1 000,1000.00,https://www.youtube.com/shorts/p6CowOJ59tc
372,1903854,soylucastomasi,Hace 4 meses,$ 100,100.00,para que aprendas bariloche! https://youtu.be/2ublYHXjMvU?si=Ty8CxnqKwwYtt3rk&t=18
373,1903832,soylucastomasi,Hace 4 meses,$ 500,500.00,"palan, recien salido del horno https://www.youtube.com/watch?v=tAN9OZ38r-c"
374,1903802,soylucastomasi,Hace 4 meses,$ 1 000,1000.00,chadorni: tengo evidencias de que soy inocente solo que.. https://www.youtube.com/watch?v=XBbo4pWp5gU
375,1903785,soylucastomasi,Hace 4 meses,$ 1 000,1000.00,"palan, podemos ver? https://www.youtube.com/watch?v=ITYjlS2Wcac"
376,1903770,soylucastomasi,Hace 4 meses,$ 1 000,1000.00,que tristeza ser del interior: https://www.youtube.com/watch?v=JEr5B3hSMDI
377,1902750,soylucastomasi,Hace 4 meses,$ 1 000,1000.00,https://www.youtube.com/watch?v=AFA-rOls8YA  CHOREO CHOREO
378,1902741,soylucastomasi,Hace 4 meses,$ 2 000,2000.00,PODEMOS VER PALAN? https://www.youtube.com/watch?v=Zg-JOJIByBg
379,1902242,soylucastomasi,Hace 4 meses,$ 1 000,1000.00,pt final https://youtube.com/shorts/ltOYTrw33j8?si=FZQOjBAdhiTuDCvy
380,1902213,soylucastomasi,Hace 4 meses,$ 1 000,1000.00,pt 11 MIEDO MIEDO MIEDO HIJO MIO MIEDO https://www.youtube.com/shorts/lwrxCmPTxwg
381,1902208,soylucastomasi,Hace 4 meses,$ 1 000,1000.00,pt 10 https://www.youtube.com/shorts/CCQZLrpRFjg
382,1902197,soylucastomasi,Hace 4 meses,$ 1 000,1000.00,pt 9 https://www.youtube.com/shorts/n0Gqo5Zk-fU
383,1902194,soylucastomasi,Hace 4 meses,$ 1 000,1000.00,pt 8 te va a interesar hijo mio https://www.youtube.com/shorts/Do8PYBAJdmg
384,1902192,soylucastomasi,Hace 4 meses,$ 1 000,1000.00,pt 7 https://www.youtube.com/shorts/2fKn4w8bdg0
385,1902189,soylucastomasi,Hace 4 meses,$ 1 000,1000.00,pt 6 https://www.youtube.com/shorts/LZs7equWpyw
386,1902187,soylucastomasi,Hace 4 meses,$ 1 000,1000.00,para vos palan pt 5 https://www.youtube.com/shorts/2cXpnr-xBaU
387,1902183,soylucastomasi,Hace 4 meses,$ 1 000,1000.00,P T4 https://youtube.com/shorts/O37IncfXZxI?si=t3wYxK96VNV35oXg
388,1902158,soylucastomasi,Hace 4 meses,$ 1 000,1000.00,pt 3 https://www.youtube.com/shorts/3Uye0HT3vEk
389,1902155,soylucastomasi,Hace 4 meses,$ 1 000,1000.00,pt 2 https://www.youtube.com/shorts/2Y2vaMBTodw
390,1902147,soylucastomasi,Hace 4 meses,$ 1 000,1000.00,"palan, pasemos a las cosas importantes https://www.youtube.com/shorts/vD6SeqFqI8s"
391,1901979,soylucastomasi,Hace 4 meses,$ 10 000,10000.00,"La moraleja es la misma de siempre: nunca confíes en el gobierno, el que le cree a un político es un pelotudo. CIAO!"
392,1900163,soylucastomasi,Hace 4 meses,$ 1 000,1000.00,https://www.instagram.com/reel/DX2Biu3u0lM/?igsh=MTY3aTRuc2I1NnIwYg== palan!
393,1899611,soylucastomasi,Hace 4 meses,$ 10 000,10000.00,apoyo la moción con toda violencia!
394,1899608,soylucastomasi,Hace 4 meses,$ 1 000,1000.00,mi botonera era mejor: https://www.youtube.com/watch?v=gsNaR6FRuO0
395,1899597,soylucastomasi,Hace 4 meses,$ 1 000,1000.00,solo sé que https://www.youtube.com/watch?v=p9wQSrkDOBM
396,1899545,soylucastomasi,Hace 4 meses,$ 1 000,1000.00,"palan podrías pasar el video de este chad? el primero troll! el apóstol de la televisión intergaláctica, el lord https://m.youtube.com/watch?v=cizhVP_w3p8"
397,1897972,soylucastomasi,Hace 4 meses,$ 1 000,1000.00,WWW.PALANDRISTADEPALANDRI.COM
398,1897917,soylucastomasi,Hace 4 meses,$ 50 000,50000.00,SI CONOCEN A UN TRABAJADOR DIGANLE FELIZ DIA DE PARTE DE PALAN
399,1897399,soylucastomasi,Hace 4 meses,$ 1 000,1000.00,https://www.facebook.com/watch/?ref=search&v=1367287494697696&external_log_id=bf8b7909-8a67-42e9-88b1-d4fe0bff7c6b&q=CERRAR%20EL%20CENTRAL%20MILEI ES INNEGABLE QUE ES EL SUPERO REY DEL BAITEO
400,1897396,soylucastomasi,Hace 4 meses,$ 1 000,1000.00,https://www.facebook.com/watch/?v=942930364895405 PALAN! Y OTRA VEZ HEMOSIDO BAITEADOS POR EL JAVO
401,1897389,soylucastomasi,Hace 4 meses,$ 1 000,1000.00,https://www.facebook.com/watch/?v=4412848618985143 PALAN! HEMOSIDOO BAITEADOS POR EL JAVO
402,1897312,soylucastomasi,Hace 4 meses,$ 100 000,100000.00,YO SOY VICEPRESIDENTE DE LA NACION PALANDRI
403,1896892,soylucastomasi,Hace 5 meses,$ 1 000,1000.00,https://www.youtube.com/watch?v=1cVYns5Y--A vAAAAMOS PALAN DALE!
404,1896838,soylucastomasi,Hace 5 meses,$ 1 000,1000.00,"QUERIDO PALAN, SOY ELGORDO PICO Y PALA! PICO Y PALA PICO Y PALA PICO Y PALA, PERICO TOALASEMANA! https://youtu.be/cFl2iMvbA_E?si=0dsggGHUY7r1U8wp&t=67"
405,1896798,soylucastomasi,Hace 5 meses,$ 1 000,1000.00,https://www.youtube.com/watch?v=B2fyvbFQu4A se ve que kici convenció al javo de no dolarizar
406,1896794,soylucastomasi,Hace 5 meses,$ 1 000,1000.00,como dice kici https://www.youtube.com/watch?v=EV_LY64LIwM
407,1896222,soylucastomasi,Hace 5 meses,$ 25 000,25000.00,raid al destsape
408,1896220,soylucastomasi,Hace 5 meses,$ 500,500.00,te lo servían en la misma bolsa! en la misma bolsa!
409,1896214,soylucastomasi,Hace 5 meses,$ 500,500.00,KKKRIS TINA LIBRE O LAS MANOS EN EL FUEGO POR EL PITYYY?
410,1896202,soylucastomasi,Hace 5 meses,$ 1 000,1000.00,"kerido Palan, Kristina se Kogía a kicilof"
411,1895648,soylucastomasi,Hace 5 meses,$ 500,500.00,"querido palan, jajajajja https://www.youtube.com/watch?v=LdHzYq4jrSE"
412,1895622,soylucastomasi,Hace 5 meses,$ 1 000,1000.00,"querido palan, tengo una filmación de geuna y nachito antes de entrar a la rosada: https://www.youtube.com/watch?v=n2r7Xky3mDw . es real -woodrow"
413,1895621,soylucastomasi,Hace 5 meses,$ 100,100.00,"querido palan, https://www.newsdigitales.com/nota/331383/22-millones-a-espert-desde-una-casilla-de-la-boca-el-increible-nuevo-hallazgo/  -woodrow"
414,1895511,soylucastomasi,Hace 5 meses,$ 1 000,1000.00,"querido palan, lo dije antes y lo diré de nuevo: https://youtu.be/2EjatMH_MhY?si=Xz_PWvAvSGcjgpc4. -woodrow"
415,1895484,soylucastomasi,Hace 5 meses,$ 1 000,1000.00,"Queridísima Edna, debo dejarte.  ¿Por qué? No puedo decirlo.  ¿Adónde? No puedes saberlo.  ¿Cómo llegaré? Aún no lo he decidido.  Pero una cosa sí puedo decirte: cada vez que oiga soplar el viento, susurrará el nombre… kukarina.."
416,1895478,soylucastomasi,Hace 5 meses,$ 500,500.00,"Querida Edna,  Tu foto me dejó sin aliento.  Verdaderamente, tu trasero no se rinde.  Esta mañana puse tu foto en mi garaje para que me inspirara mientras ajustaba las bujías.  —Woodrow"
417,1893627,soylucastomasi,Hace 5 meses,$ 100,100.00,https://www.polvo.com.ar/wp-content/uploads/2023/11/POLVO-PORTADA-2023-11-17T115935.154.png porlo unico que lo banco
418,1893616,soylucastomasi,Hace 5 meses,$ 100,100.00,https://realpolitik.com.ar/nota/53482/emmanuel-danann-larreta-tiene-mas-liberales-en-su-armado-que-javier-milei/
419,1893582,soylucastomasi,Hace 5 meses,$ 1 000,1000.00,el aprendiz de dante goebbels https://www.youtube.com/watch?v=JmhsKRVrTUM&t=41s
420,1893445,soylucastomasi,Hace 5 meses,$ 1 000,1000.00,ah si pues si estas tan seguro de lo que sos dinos que SI sos:  https://youtu.be/OEJcHQkgdXM?si=NN_n6D-4pBqqOhCd&t=151
421,1888501,soylucastomasi,Hace 5 meses,$ 1 000,1000.00,mínimo 2000 p para alertas como en aquellos años..  https://www.youtube.com/watch?v=NG2GHShXw8U
422,1888477,soylucastomasi,Hace 5 meses,$ 10 000,10000.00,https://www.youtube.com/watch?v=NG2GHShXw8U
423,1888452,soylucastomasi,Hace 5 meses,$ 1 000,1000.00,con al berto https://gcdn.emol.cl/argentina/files/2020/09/EIyTDfJWkAARjLd.jpg    con mi ler: https://x.com/NikolayOCDC/status/2045536827554091505/photo/1
424,1888409,soylucastomasi,Hace 5 meses,$ 1 000,1000.00,CRISIS ERAN LAS DE ANTES https://www.youtube.com/watch?v=rvlRxFivRu4
425,1887684,soylucastomasi,Hace 5 meses,$ 1 000,1000.00,https://www.youtube.com/watch?v=eu_Poa7FB3w      palan: el presidente de la cadena fox: karina.  homero: milei.
426,1887676,soylucastomasi,Hace 5 meses,$ 1 000,1000.00,hasta los giga discas pueden charlar con guitarras https://www.youtube.com/shorts/iQkYqvn9xGE
427,1887667,soylucastomasi,Hace 5 meses,$ 1 000,1000.00,estos momentos solo queda escuchar: https://youtu.be/34a7RukXsZY?si=jVlvxDVjjvp1A0Bu
428,1887649,soylucastomasi,Hace 5 meses,$ 1 000,1000.00,https://youtu.be/f6dnI1WsFrA?si=twe9j0URCEXtW00t&t=96 me gustan mas las charlas con guitarra eléctrica
429,1887628,soylucastomasi,Hace 5 meses,$ 1 000,1000.00,"ahh recuedos, a veces uno preferiría morir y listo. https://www.instagram.com/reels/DLihv3Hp0Oz/"
430,1887579,soylucastomasi,Hace 5 meses,$ 1 000,1000.00,piedad lord https://www.tiktok.com/@oidmortalesmza/video/7436448438562327864
431,1887567,soylucastomasi,Hace 5 meses,$ 1 000,1000.00,A LILIA SE LA COMIÓ EL PERSONAJE. https://www.youtube.com/watch?v=_BUxJhOs1Ew
432,1887109,soylucastomasi,Hace 5 meses,$ 1 000,1000.00,"What we've got here is failure to communicate. Some men you just can't reach. So you get what we had here last week, which is the way he wants it.. well, he gets it. I don't like it any more than you men https://www.instagram.com/reel/DTdJn30AKwJ"
433,1887079,soylucastomasi,Hace 5 meses,$ 1 000,1000.00,tambien tuvimos cosas buenas. https://www.instagram.com/p/DKvjUl1tuVM/?utm_source=ig_web_copy_link&igsh=NTc4MTIwNjQ2YQ%3D%3D&img_index=8
434,1886999,soylucastomasi,Hace 5 meses,$ 1 000,1000.00,** Mensaje privado **
435,1886991,soylucastomasi,Hace 5 meses,$ 1 000,1000.00,por cierto estaba siendo sarcástico https://youtu.be/11a3Uh0eJcM?t=160&si=D77k-v6TPhZQ7xsA
436,1886982,soylucastomasi,Hace 5 meses,$ 1 000,1000.00,"no palan, no le tires al gobierno porque hace daño… les aviso: le tiramks con de todo a los kuka desde 2003 y nunca, repito, nunca se vieron dañados. tuvieron que salir a chorearse todo para irse rajados.. https://youtu.be/11a3Uh0eJcM?t=140"
437,1886957,soylucastomasi,Hace 5 meses,$ 1 000,1000.00,https://www.instagram.com/reel/DXWk5DNEWHq/?igsh=ZzJyMnZrZ2RwY3B3 piedad pibee!!! volve!
438,1886879,soylucastomasi,Hace 5 meses,$ 22 222,22222.00,"-We want information, information, information +Who are you? -The new number two +Who is number one? -You are number six +I am not a number, I am a free Palandrist of Palandri -Hahahahaha!"
439,1885294,soylucastomasi,Hace 5 meses,$ 1 000,1000.00,https://youtu.be/gcY2iMY8gTY?si=KH3mnqcn1O3ipMJI. un ratito antes del día de Miller! lilia lcdtm
440,1885280,soylucastomasi,Hace 5 meses,$ 1 000,1000.00,https://www.youtube.com/live/4v8hrcyOBkI?t=4977&si=-6kZFrPAXd0oSbJR mira palan!
441,1884814,soylucastomasi,Hace 5 meses,$ 1 000,1000.00,https://youtu.be/2Nrr-4sXeG0?si=eSMW1YMbLcpdirYV&t=65 racismo en neura by ricktador
442,1884790,soylucastomasi,Hace 5 meses,$ 1 000,1000.00,https://www.youtube.com/shorts/1-jgZVUNXRY palan para cortar un poco con el humor negro
443,1884766,soylucastomasi,Hace 5 meses,$ 100,100.00,"palan, igual lilia está gagá mirá lo que dijo en este tuitardo https://x.com/soylucastomasi/status/2044805874170941865?s=20"
444,1884749,soylucastomasi,Hace 5 meses,$ 10 000,10000.00,mi país! mi país! mi país!
445,1884691,soylucastomasi,Hace 5 meses,$ 1 000,1000.00,https://youtu.be/eIb5PC5jye8?si=tF5tZbo4X9ndO8-k palan aca tenes otra buena pochoclera
446,1884651,soylucastomasi,Hace 5 meses,$ 1 000,1000.00,https://youtu.be/ihrUZRxgef4?si=D1jiLIq9am2DUA1V&t=35 el pueblo a chadorni
447,1884084,soylucastomasi,Hace 5 meses,$ 1 000,1000.00,https://youtu.be/gXLVZnLIlEQ?si=dOVjirIXD_wSI3J2&t=111 para equilibrar el universo
448,1884066,soylucastomasi,Hace 5 meses,$ 1 000,1000.00,https://media.diariopopular.com.ar/p/db3f409aeffc9ff2533a59543164dacf/adjuntos/143/imagenes/002/216/0002216940/john_travolta_castelarjpg.jpg lo mas cerca que estuvimos de las inversiones extranjeras durante el gobierno de macri
449,1883986,soylucastomasi,Hace 5 meses,$ 1 000,1000.00,palan soy nuevo en esto https://www.youtube.com/watch?v=8BcaJ9sIg2g para recordarte que revises los links
450,1883926,soylucastomasi,Hace 5 meses,$ 1 000,1000.00,https://youtu.be/B1--dmuOGqQ?si=rXwW6qZZJDmkyk6d
451,1883320,soylucastomasi,Hace 5 meses,$ 1 000,1000.00,https://www.youtube.com/live/fT5Lh2Tzd7g?t=2653s
452,1883316,soylucastomasi,Hace 5 meses,$ 2 000,2000.00,palan te mande dos links pero no llegaron:     https://www.youtube.com/live/fT5Lh2Tzd7g?t=2596s
453,1883282,soylucastomasi,Hace 5 meses,$ 1 000,1000.00,devuelta acá: https://www.youtube.com/live/fT5Lh2Tzd7g?si=QkidlRDZQc3z8_EX&t=2596
454,1883281,soylucastomasi,Hace 5 meses,$ 1 000,1000.00,"palan, pero y que opinas de este momento de ayer? https://www.youtube.com/live/fT5Lh2Tzd7g?t=2550"
455,1883250,soylucastomasi,Hace 5 meses,$ 1 000,1000.00,"palan, odio a los progres que hablan en aburrido, me agota escucharlo decir nada."
456,1883247,soylucastomasi,Hace 5 meses,$ 1 000,1000.00,"palan, vas a ir a carajo a pesar de todo esto?"
457,1881219,soylucastomasi,Hace 5 meses,$ 10 000,10000.00,"sos el mejor de la historia amigo Palan, te felicito por la nota ayer! lamentablemente dejaron esa frase y te operaron con la verdad! pero excelente nota, te dejo 10 troesma."
458,1880716,soylucastomasi,Hace 5 meses,$ 1 000,1000.00,me robaste 10 seugndos. https://www.youtube.com/watch?v=x94OOswZT7g&t=366s
459,1880709,soylucastomasi,Hace 5 meses,$ 1 000,1000.00,"los periodistas cocinando a adorni, y adorni.. https://youtu.be/x94OOswZT7g?si=OUaDfQ-VN7vmRZvm&t=335"
460,1879778,soylucastomasi,Hace 5 meses,$ 100,100.00,"Terrible fracaso de trumpeter en iran, mira lo que acaba de salir https://www.youtube.com/watch?v=G_BYEyrc0_g"
461,1879771,soylucastomasi,Hace 5 meses,$ 100,100.00,El gimnasio al que fue la experta en humanos para hacer ese informe: https://www.youtube.com/shorts/hRIFaKDsa1U
462,1879760,soylucastomasi,Hace 5 meses,$ 1 000,1000.00,y en este otro https://www.youtube.com/shorts/3Eu7sY5IY_Y
463,1879758,soylucastomasi,Hace 5 meses,$ 1 000,1000.00,https://youtube.com/shorts/csbnigL0HR4?si=3kp22Ycm82t5JHqh  en este otro tamb
464,1879756,soylucastomasi,Hace 5 meses,$ 1 000,1000.00,https://www.youtube.com/shorts/ejDh1JbdNFc  en esto basaron el estudio del gym
465,1879743,soylucastomasi,Hace 5 meses,$ 2 000,2000.00,al que dijo eso de la estrategia de trump en irán: https://youtu.be/JNJQoYyAIK0?si=4TfreCTJpmV_O6JT&t=405 dejalo unos segunditos palan
466,1878546,soylucastomasi,Hace 5 meses,$ 1 000,1000.00,"palan, tenes que pasar: https://www.youtube.com/live/o50yMp5CeQ0?si=qRTeWjBd1REibsZ1&t=4286"
467,1868384,soylucastomasi,Hace 6 meses,$ 100,100.00,superchats de youtube gran lider
468,1868118,soylucastomasi,Hace 6 meses,$ 1 000,1000.00,palan todo esto es porque le mandé un x a teamyoutube no tengo pruebas ni dudas
469,1868098,soylucastomasi,Hace 6 meses,$ 200,200.00,milei me estafó me dijo que iba a dolarizar!
470,1868096,soylucastomasi,Hace 6 meses,$ 200,200.00,milei me estafó! me dijo que iba a cerrar el banco central!
471,1868092,soylucastomasi,Hace 6 meses,$ 100,100.00,milei no lo promocionó! lo difundió! yo compré libra y gané!
472,1868085,soylucastomasi,Hace 6 meses,$ 1 000,1000.00,"palan, que se sabe de la desaparición de las pruebas en contra de pareja en la causa contra el tradu? porque jp le dijo a juani que desaparecieron, desaparecieron?"
473,1868082,soylucastomasi,Hace 6 meses,$ 1 000,1000.00,"por 100k a palan digo quien fue, y si el que fue está acá por 1 kk a mí no digo que fuiste vos!"
474,1867986,soylucastomasi,Hace 6 meses,$ 10 000,10000.00,piso de 10 mil para links por pelotudos
475,1867694,soylucastomasi,Hace 6 meses,$ 5 000,5000.00,https://youtu.be/EHukBMJDqi4?si=6J2Lc2SHV7vn7PEG&t=218 lo vas a dejar palan porque yo creo en vos!
476,1867605,soylucastomasi,Hace 6 meses,$ 1 000,1000.00,La postura de Carlson fue la que le obligaron a tomar para salir vivo de Rusia. 100% chequeado.
477,1867597,soylucastomasi,Hace 6 meses,$ 1 000,1000.00,https://www.instagram.com/stories/highlights/18059053573950445/
478,1867543,soylucastomasi,Hace 6 meses,$ 1 000,1000.00,como vas a hacer para convivir con tu esposa? son 3 semanas! que coraje
479,1867476,soylucastomasi,Hace 6 meses,$ 1 000,1000.00,https://www.youtube.com/watch?v=6G-c_Hgs3AU gran juego
480,1865949,soylucastomasi,Hace 6 meses,$ 100,100.00,kukadorni afuera por kukardo
481,1865919,SoyLucasTomasi,Hace 6 meses,$ 1 000,1000.00,palan que hiciste hoy temprano? todo bien hoy? te veo apesumbrado
482,1865909,SoyLucasTomasi,Hace 6 meses,$ 100,100.00,10 K A PALAN POR LA REPARACIÓN: para ver la web(chrome) hagan click derecho y ver vinculo en vista dividida . FIJALO PUNTO COM
483,1865895,SoyLucasTomasi,Hace 6 meses,$ 100,100.00,"palan, pasate por los jijos el audio que le grabe a la niña jajaja a ver si algun palancandrista se ve reflejado! jaja"
484,1865875,SoyLucasTomasi,Hace 6 meses,$ 1 000,1000.00,"palan, https://x.com/soylucastomasi/status/2032129161339248982"
485,1865841,SoyLucasTomasi,Hace 6 meses,$ 1 000,1000.00,palan si tenes 10 segundos pasá porfa! https://www.youtube.com/watch?v=yuZYDOo4hz0
486,1865284,SoyLucasTomasi,Hace 6 meses,$ 100,100.00,ahora resulta que valenzuela es malo? ah pero para ponerlo cabeza de lista era la reencarnación de Miller? na na na aguante ninguno
487,1865256,soylucastomasi,Hace 6 meses,$ 100,100.00,milei a la chica del clima: yo lo solo le di retuit jajaj el nacimiento de un nuevo presidente?
488,1865254,soylucastomasi,Hace 6 meses,$ 100,100.00,palan déjame terminar la idea: milei es.. es.. es… casta y javier tambien
489,1865236,soylucastomasi,Hace 6 meses,$ 100,100.00,la invitó karina a propósito!
490,1865231,soylucastomasi,Hace 6 meses,$ 100,100.00,"palan, a quien voto si no quiero votar kukas?"
491,1865206,soylucastomasi,Hace 6 meses,$ 100,100.00,busca algún ejemplo de alguien diciendo nonono y verás que es muy si
492,1865181,soylucastomasi,Hace 6 meses,$ 500,500.00,"palan voy a enseñarte lo único que aprendí en la universidad: “si” es si, “si si” es muy no, “si si si” es re contra no. y al revés no es no, no no es muy si, nonono es recontra si"
493,1865164,soylucastomasi,Hace 6 meses,$ 500,500.00,me siento sucio por fiscalizar a LLA
494,1865138,soylucastomasi,Hace 6 meses,$ 1 000,1000.00,néstor volvé te olvidaste a karina
495,1865120,soylucastomasi,Hace 6 meses,$ 51 001,51001.00,"palan, puedo ser muy persuasivo. Anda Karina, vete de la libertad avanza, ¿no? Ah, como amigos no, no seas mala. dale! Y si me tiras las cartas? y si te compro una torta? no seas mala anda por favor, por palan! por miller"
496,1865108,soylucastomasi,Hace 6 meses,$ 1 000,1000.00,"Robar!! Como pudiste? no has aprendido nada del que nos da los sermones en la iglesia ese capitán no se que!! Vivimos en una sociedad de leyes!  Por que crees que alquilo las películas de academia de policía, por diversión? Pues no!"
497,1865091,soylucastomasi,Hace 6 meses,$ 1 000,1000.00,decir no seas funcional a los kukas es de kuka
498,1865074,soylucastomasi,Hace 6 meses,$ 1 000,1000.00,KARINA DEVOLVELE EL CELULAE A MILEI PERO YA MISMO POR FAVOR
499,1865011,soylucastomasi,Hace 6 meses,$ 1 000,1000.00,te voy a romper el corazón palandrista https://youtube.com/shorts/9Nez8f65iwg?si=sSnTM_lXo7YJ1jod
500,1864973,soylucastomasi,Hace 6 meses,$ 1 000,1000.00,pareja banca demasiado! lo mostró en las elecciones de septiembre
501,1864954,soylucastomasi,Hace 6 meses,$ 51 000,51000.00,"mi nena empezó las clases en una escuela católica como debe ser, con clases de catequesis como debe ser, sin judíos y musulmanes como debe ser. que placer ser opositor, nunca fui la libertad kukarda"
502,1864938,soylucastomasi,Hace 6 meses,$ 1 000,1000.00,"palan, escucha: yo nunca fui mileista"
503,1864242,soylucastomasi,Hace 6 meses,$ 500,500.00,excelente servicio
504,1864240,soylucastomasi,Hace 6 meses,$ 500,500.00,palan no fui 2/3 de mi vida full anti k para vivir viendo kukas por tele
505,1864225,soylucastomasi,Hace 6 meses,$ 1 000,1000.00,cuando te vas palan ??
506,1864207,soylucastomasi,Hace 6 meses,$ 1 000,1000.00,"palan no venimos a romper, venimos a organizar"
507,1864200,soylucastomasi,Hace 6 meses,$ 1 000,1000.00,perdón palan no pude venir estuve preso recién salgo
508,1864197,soylucastomasi,Hace 6 meses,$ 1 000,1000.00,hay guerra?
509,1863872,SoyLucasTomasi,Hace 6 meses,$ 1 000,1000.00,LOS PROPAGANDISTAS DE ALBERDI
510,1863867,SoyLucasTomasi,Hace 6 meses,$ 1 000,1000.00,"QUE ALGUIEN HAGA ALGO CON LOS MUNIPAS LLK, PIEDAD NENE VERGA! PIEDAD PAJERTA! FANTINO HACE ALGO!"
511,1863783,soylucastomasi,Hace 6 meses,$ 1 000,1000.00,este país se está yendo a la mierda palan
512,1863774,soylucastomasi,Hace 6 meses,$ 1 000,1000.00,juani que se siente que tu jefe sea kuka?
513,1862210,soylucastomasi,Hace 6 meses,$ 500,500.00,que no es ilegal tener dólares americanos en cuba? ja ja
514,1861641,SoyLucasTomasi,Hace 6 meses,$ 1 000,1000.00,https://www.youtube.com/watch?v=Dr63kO7iSfE PARA LOS KUKAS
515,1861620,SoyLucasTomasi,Hace 6 meses,$ 1 000,1000.00,"quiero que alguno me diga por qué es necesario pareja y el nene vera y que me cuente un solo exito de pareja, porque perdió por 14 puntos"
516,1861615,SoyLucasTomasi,Hace 6 meses,$ 1 000,1000.00,quiero que alguno muestre 1 solo video de milei pidiendo lealtad
517,1861578,soylucastomasi,Hace 6 meses,$ 1 000,1000.00,"nada nuevo, con el benévolo palan, oh mi gran líder, aquí presente digo que me quejo desde siempre de esto y aun así fui a fiscalizar GRATIS (para ella), nunca más!"
518,1861555,soylucastomasi,Hace 6 meses,$ 1 000,1000.00,yo soy anti k como siempre anti kirchner anti karina anti kuka! por suerte coinciden las iniciales asique es mas fácil jaja
519,1861517,soylucastomasi,Hace 6 meses,$ 2 000,2000.00,palan me acabo de topar con esto y me dio un escalofrío ! https://youtube.com/shorts/us1t19Maa8Q?si=acTP60aTt2kvK8jY
520,1861481,soylucastomasi,Hace 6 meses,$ 100,100.00,espero que ahora aparezca en pantalla https://youtube.com/shorts/ekWujOJ4vTY?si=A2ZeyautlOeLHlnH
521,1861462,soylucastomasi,Hace 6 meses,$ 500,500.00,queeee ley sandra? lcdtm
522,1861450,soylucastomasi,Hace 6 meses,$ 1 000,1000.00,palan presta atención especial a estos momentos.  iste cuando se dice que en 2 años cambia todo y en 10 años no cambia nada? pasaron los vientos de cambio y soplan los lentos vientos del proceso de retroceso. en unos años vuelven.
523,1861430,soylucastomasi,Hace 6 meses,$ 2 000,2000.00,lo dice el quran https://youtube.com/shorts/ekWujOJ4vTY?si=A2ZeyautlOeLHlnH
524,1861417,soylucastomasi,Hace 6 meses,$ 1 000,1000.00,hay un libro maravillandri que se llama: la única mezquita que brilla es la que arde
525,1861409,soylucastomasi,Hace 6 meses,$ 500,500.00,palan sácalo antes de que karina lo meta a LLK
526,1861400,soylucastomasi,Hace 6 meses,$ 10 000,10000.00,no autorizo pedofilos
527,1861390,soylucastomasi,Hace 6 meses,$ 500,500.00,corta: casarse con las que no llegan a 2 cifras sí o no?
528,1861380,soylucastomasi,Hace 6 meses,$ 500,500.00,el segmento pedofilo de pedendown no me agrada
529,1861018,SoyLucasTomasi,Hace 6 meses,$ 1 000,1000.00,https://spanish.khamenei.ir/news/6197
530,1861003,SoyLucasTomasi,Hace 6 meses,$ 938,938.00,palan buscá una foto de los hijos del ex ayatolandri y fijate lo que son jaja
531,1860998,SoyLucasTomasi,Hace 6 meses,$ 100,100.00,palan es fana de rallo tío paquito
532,1860832,SoyLucasTomasi,Hace 6 meses,$ 1 000,1000.00,https://www.instagram.com/reels/DNiZ5kEyyrU/ mira mira jaja
533,1860780,SoyLucasTomasi,Hace 6 meses,$ 500,500.00,https://x.com/soylucastomasi/status/1948472385524695424?s=20
534,1860753,SoyLucasTomasi,Hace 6 meses,$ 1 000,1000.00,palan viste la opinión de mengolini sobre los tenistas? https://www.youtube.com/watch?v=8aPGe8bN_bQ
535,1860723,SoyLucasTomasi,Hace 6 meses,$ 1 000,1000.00,https://x.com/soylucastomasi/status/1948472385524695424?s=20
536,1860718,SoyLucasTomasi,Hace 6 meses,$ 1 000,1000.00,"palanm tira raid en el chat, dale admin a pajandrista! se llenó el chat de munipas de la libertad kukarda jaja"
537,1860707,SoyLucasTomasi,Hace 6 meses,$ 1 000,1000.00,"no en serio, lo bueno es que ya no voy a tener que ir a fiscalizar, ya sobran munipas para fiscalizar, son munipas violetas. garantía de confianza. como en septiembre! no? JIJO"
538,1860703,SoyLucasTomasi,Hace 6 meses,$ 1 000,1000.00,lo bueno de la invasión masiva de munipas de la libertad kukarda que aman al jefe es:
539,1860702,SoyLucasTomasi,Hace 6 meses,$ 1 000,1000.00,me da asco la libertad kukarda
540,1860700,SoyLucasTomasi,Hace 6 meses,$ 1 000,1000.00,https://youtu.be/HHF0xlf-bjY?si=wMECMMPrZHbB-Dur&t=163 esta es mi postura
541,1860692,SoyLucasTomasi,Hace 6 meses,$ 1 000,1000.00,"palan, vos te acordas quienes de acá del ponzi son anti karinistas de primera ola del día 0? digamos osea de diciembre 2023"
542,1860690,SoyLucasTomasi,Hace 6 meses,$ 1 000,1000.00,horacio: no escuchaste lo que dijo la señora? ES LA RESPEUSTA QUE TENGO EN MI CUADERNITO
543,1860685,SoyLucasTomasi,Hace 6 meses,$ 100,100.00,yo nunca fui mileista ja ja
544,1860669,SoyLucasTomasi,Hace 6 meses,$ 200,200.00,"la cantidad de desempleados aumentan en paralelo a la cantidad de reformas de milei? 900, 300.000, 8 mil trillones.. fua sandra y si dolarizamo?"
545,1860657,SoyLucasTomasi,Hace 6 meses,$ 1 000,1000.00,"hoy es el cumple del pela justiciero, llamaloo palan!"
546,1860101,soylucastomasi,Hace 6 meses,$ 200,200.00,palan  cuáles son los colores primarios?
547,1860081,soylucastomasi,Hace 6 meses,$ 2 000,2000.00,"https://youtu.be/q2VsAqYP0lo?si=0TNElzlkjsFdH5co acá está la papa posta posta palan, y gente del mundo.."
548,1860050,soylucastomasi,Hace 6 meses,$ 1 000,1000.00,palan es cierto que banearon al n almeida de LA libertad kukarda? de publicidades de la afa solo son válidas de quilmes o coca https://youtu.be/Zo4YFuOgCTs?si=9wMyTnuqfvgMA3i8
549,1860004,soylucastomasi,Hace 6 meses,$ 1 000,1000.00,palan es cierto que banearon al n almeida de LA libertad kukarda? de publicidades de la afa solo son válidas de quilmes o coca https://youtu.be/Zo4YFuOgCTs?si=9wMyTnuqfvgMA3i8
550,1859922,SoyLucasTomasi,Hace 6 meses,$ 1 000,1000.00,https://realpolitik.com.ar/uploads/noticias/1/2025/12/20251210110825_luis-petri-javier-milei2.jpg me dejaron firmar cheques con un sello!
551,1859895,SoyLucasTomasi,Hace 6 meses,$ 1 000,1000.00,https://www.youtube.com/watch?v=BNLMOpB5NjI mirá lo feliz que se ve
552,1859873,SoyLucasTomasi,Hace 6 meses,$ 1 000,1000.00,"https://www.youtube.com/watch?v=uX2uZaJprQI ta barbaro mirá, te lo agradecería, abrazo!"
553,1859871,SoyLucasTomasi,Hace 6 meses,$ 1 000,1000.00,"palan, haces una vaquita y me regalas? https://www.kinderland.com.ar/341400302/p"
554,1859481,soylucastomasi,Hace 6 meses,$ 1 000,1000.00,"gordo,  fender les paul o gibson stratocaster?"
555,1859420,soylucastomasi,Hace 6 meses,$ 1 000,1000.00,"palan, en esta casa respetamos las leyes de la termodinámica!"
556,1859245,soylucastomasi,Hace 6 meses,$ 2 000,2000.00,"palan te mandé por wasap un videito del tipo del viernes, le pedimos buscar alguna foto de la marcha de algún fotógrafo publicada en algún medio y encontró oro"
557,1859218,soylucastomasi,Hace 6 meses,$ 500,500.00,palan vos me estás diciendo que las autoridades de LLk son tremendos kukardos????? no me lo esperabs
558,1859133,soylucastomasi,Hace 6 meses,$ 1 000,1000.00,palan me podrías nombrar quienes son las principales autoridades de la libertad avanza? aunque sea en caba y pba?
559,1859123,soylucastomasi,Hace 6 meses,$ 500,500.00,"palan, cuantos parásitos dejaron de cobrar planes sociales?"
560,1859073,SoyLucasTomasi,Hace 6 meses,$ 500,500.00,mi favorito de cetera es glory of love https://www.youtube.com/watch?v=-QngbRrKI4s
561,1859066,SoyLucasTomasi,Hace 6 meses,$ 1 000,1000.00,CUANDO SE TERMINE ESTE GOBIERNO KIRCHNERISTA NECESITAMOS A ESTE CHAD: https://www.youtube.com/shorts/AmMmb4M0lKo
562,1859063,SoyLucasTomasi,Hace 6 meses,$ 1 000,1000.00,CUANDO SE TERMINE ESTE GOBIERNO KIRCHNERISTA NECESITAMOS A ESTE CHAD: https://www.tiktok.com/@infobae/video/7279134844402126086
563,1859020,SoyLucasTomasi,Hace 6 meses,$ 1 000,1000.00,CUANDO SE TERMINE ESTE GOBIERNO KIRCHNERISTA NECESITAMOS A ESTE CHAD: https://www.youtube.com/shorts/x9gCQsSK_KU
564,1859015,SoyLucasTomasi,Hace 6 meses,$ 1 000,1000.00,CUANDO SE TERMINE ESTE GOBIERNO KIRCHNERISTA NECESITAMOS A ESTE CHAD: https://www.youtube.com/shorts/ehGalbfFZ00
565,1859000,SoyLucasTomasi,Hace 6 meses,$ 1 000,1000.00,"no dolarizar es de butos. te imaginas cuando karina gane las elecciones con los suyos y vuelva la maquinita? hay un libro maravilloso de Javier Milei que se llama Otra vez sopa: maquinita, infleta y devaluta que nunca leí pero si viví"
566,1858990,SoyLucasTomasi,Hace 6 meses,$ 1 000,1000.00,el discurso de trump fue un gran discurso.
567,1858985,SoyLucasTomasi,Hace 6 meses,$ 1 000,1000.00,"palan, yo no cambié. yo soy mileista de milei desde siempre. los que cambiaron son ellos. gracias por bajar la inflación javier gerado milei! pero te cambio las 9 mil millones de reformas por dolarizar"
568,1858978,SoyLucasTomasi,Hace 6 meses,$ 1 000,1000.00,"mujeres al poder evitemos, no podes confiar en algo que se desangra durante una semana y no se muere."
569,1858977,SoyLucasTomasi,Hace 6 meses,$ 1 000,1000.00,"no vi el discurso, nunca veo los discursos de Miller y seguro fue una mierda. Que alguien haga algo con kukarina, kukareja, kukarruel y con mandril menem. Necesitamos un javier milei urgente en este gobierno de mierda"
570,1857588,soylucastomasi,Hace 7 meses,$ 2 000,2000.00,si son 2k dura doble? verdadera magia https://youtu.be/OzzBZvl3q7k?t=338&si=_U6OSotTIrfphqGw
571,1857533,soylucastomasi,Hace 7 meses,$ 1 000,1000.00,notas eran las de antes https://youtu.be/EKW-1CA4e6o?si=leitfvT4es8mpBMV
572,1857528,soylucastomasi,Hace 7 meses,$ 1 000,1000.00,son todas ratas en su nido. el congreso es un nido de ratas hijas de puta
573,1857514,soylucastomasi,Hace 7 meses,$ 1 000,1000.00,que paja cuando karina haga volver a los kukas y vuelvan los 2000-2020 lpm
574,1857501,soylucastomasi,Hace 7 meses,$ 1 000,1000.00,"por mucho menos esfuerzo y fuerza los empleados de boletería de subtes pidieron mil años de licencia, cargar la sube les daba tendinktis"
575,1857421,soylucastomasi,Hace 7 meses,$ 2 000,2000.00,anuncios eran estos https://youtu.be/D-RdSQpH6y8?si=W8z9dfGeT118WtpW
576,1857413,soylucastomasi,Hace 7 meses,$ 1 000,1000.00,perdón me olvidé: trumpista desde que se metió en política full trumpista desde 2015
577,1857403,soylucastomasi,Hace 7 meses,$ 1 000,1000.00,"yo soy profundamente anti k desde 2003 o 2004. nunca fui peronista, nunca fui radical, nunca fui demócrata, nunca fui fascista, nunca fui socialista, nunca fui comunista, nunca fui liberal, nunca fui libertario, fui milertario a la baja"
578,1857395,soylucastomasi,Hace 7 meses,$ 1 000,1000.00,legisladores: es momento de debatir que las ruedas deberían rodar
579,1857349,soylucastomasi,Hace 7 meses,$ 1 000,1000.00,"palan, estoy yendo a micro entro con la gorra de maga y la armadura de las fuerzas del cielo! si el cruzó algún kukita lo atropelló con el auto"
580,1857296,soylucastomasi,Hace 7 meses,$ 2 000,2000.00,funcionarios legisladores concejales y munipas de LLK parte 2 = https://youtube.com/shorts/I8MmacdH3Eg?si=xuuRD_em8I6spD_o
581,1857293,soylucastomasi,Hace 7 meses,$ 2 000,2000.00,legisladores concejales y funcionarios de LLK   https://youtube.com/shorts/DyhiB2rNcpY?si=iDbVVHTswXYaFL5v
582,1857271,soylucastomasi,Hace 7 meses,$ 1 000,1000.00,"únanse al movimiento hartos de miller, hartos de sus funcionarios, hartos de sus legisladores, hartos de sus munipas, hartos de su inoperancia y su inacción. se lo expropié a tronco porque se vendió a karina asique ahora es mío!"
583,1856789,soylucastomasi,Hace 7 meses,$ 500,500.00,estaba siendo sarcasmico metabólicamente  parlando  https://encrypted-tbn0.gstatic.com/images?q=tbn:ANd9GcT9yVffu1YiBP4r6uhEJPMR9DGhaGTZZkYmqXNq0tonlw&s=10
584,1856780,soylucastomasi,Hace 7 meses,$ 200,200.00,"palan, yo lo vote a milei, pero me estafó! era detonar el banco central, no detonar los glaciares"
585,1856773,soylucastomasi,Hace 7 meses,$ 200,200.00,Milei: voy a eliminar la Ley de Glaciares y regalarle la cordillera a las mineras a cambio nada HACE MÁS DE DOS AÑOS LO VIENE DICIENDO NO SABEN LO QUE VOTAN???
586,1856770,soylucastomasi,Hace 7 meses,$ 200,200.00,"""El panorama ya era sombrío para los próximos años y décadas con el cambio climático. Ahora Milei quiere acelerar el proceso y destruir los glaciares unica fuente de agua para más de 7 millones de personas y 1/3 del territorio nacional."
587,1856768,soylucastomasi,Hace 7 meses,$ 200,200.00,"""Una empresa contamina el río. Y? Dónde está el daño? Puede contaminar todo lo que quiera. El agua sobra, cuando haya escasez nos preocupamos por la contaminación"" Javier Milei defendiendo DEROGAR la Ley de Protección de Glaciares"
588,1856763,soylucastomasi,Hace 7 meses,$ 100,100.00,"palan, yo lo vote a Milei Pero no para que destruya los glaciares ni el medioambiente. En ésta no lo banco! El agua se defiende!"
589,1856736,soylucastomasi,Hace 7 meses,$ 500,500.00,"palan, le donó 500 pesos para alguien que quiera enviar un video. lo hago de corazón por acá por mercadopago!"
590,1856727,soylucastomasi,Hace 7 meses,$ 200,200.00,palan es más fácil eliminar a los kukas de LLKukarda que retroceder el vivo de kick cuando estás al aire… piedad kick
591,1856672,soylucastomasi,Hace 7 meses,$ 1 000,1000.00,https://x.com/jhonm888/status/2027061366326989236?s=46&t=BcS1fxrmG7jxNvtxi1r9nw palan ya viste esto? para el jijo del camaradografo
592,1856648,soylucastomasi,Hace 7 meses,$ 1 000,1000.00,"palan, para la novela: https://youtu.be/1KLcDKQgbgk?t=441&si=KzunArZUTvhDek3S la durmieron a cochina machado y parece que puede ir sopre si vuelve a vzla. que se olvide de la presidencia"
593,1856584,soylucastomasi,Hace 7 meses,$ 1 000,1000.00,palan tienen que hacer el déjame que lo piense todos los días una hora. tal vez tamb el eqsc pero el resto abz y gracias por la donación! digo noma
594,1856564,soylucastomasi,Hace 7 meses,$ 1 000,1000.00,palan ya pasaste lo de san miller o mileisan? https://youtu.be/yFGWWFRroVo?t=50&si=YOsoMcss-7CTXuL1
595,1856552,soylucastomasi,Hace 7 meses,$ 500,500.00,"palan te juro que yo iba a hacer algo! quise hacer algo! estaba a punto de hacer algo pero, perdón no puedo seguir"
596,1856473,SoyLucasTomasi,Hace 7 meses,$ 1 000,1000.00,periodiscas: https://www.instagram.com/reels/ChxZgqivk8f/ quisiera ser un periodisca
597,1856469,SoyLucasTomasi,Hace 7 meses,$ 1 000,1000.00,"gracias por raidear a mi amiga personal @laritalg palan, pd: nunca la vi. abrazo!"
598,1856441,SoyLucasTomasi,Hace 7 meses,$ 1 000,1000.00,"palan, tu máquina de movimiento perpetuo cada vez se mueve mas rápido! https://www.youtube.com/watch?v=ecTzNv1AuFw&t=20s"
599,1856426,SoyLucasTomasi,Hace 7 meses,$ 1 000,1000.00,"que sos guapo carlos? el que se mete con pajandrista se seca. comeme los huevos carlos. vos no te vas a parar de manos, carlos. me vas a comer los huevos y no te vas a parar de manos"
600,1856398,SoyLucasTomasi,Hace 7 meses,$ 1 000,1000.00,filmame esto palan https://www.youtube.com/watch?v=kg18l1HvvqA
601,1855938,soyLucasTomasi,Hace 7 meses,$ 200,200.00,palan vos sabes lo que es el gede? o no sabes lo que es el gede?
602,1855859,soyLucasTomasi,Hace 7 meses,$ 1 000,1000.00,la casta éramos nosotros
603,1855837,SoyLucasTomasi,Hace 7 meses,$ 1 000,1000.00,"palan, podes creer que aca mismo hay gente que niega que Milei sigue siendo presidente pura y exclusivamente por obra y gracia de Donald J. Trump? ... por nada, pareja y kukarina.. con uds derrotados por 14.. sin uds 42... dejen nomas"
604,1855826,SoyLucasTomasi,Hace 7 meses,$ 1 000,1000.00,"me gusta salir con chicas negras de color porque no tengo que llevarme con sus padres, porque se fueron! jij0"
605,1855818,SoyLucasTomasi,Hace 7 meses,$ 1 000,1000.00,hay que temerle a Dios y un poquito a karina
606,1855780,SoyLucasTomasi,Hace 7 meses,$ 5 000,5000.00,hoy tenes que raidear a mi mejor amiga @laritalg es mi amiga personal y te lo pido como favor
607,1855770,SoyLucasTomasi,Hace 7 meses,$ 1 000,1000.00,"larita dijo que venía a robar gente cuidado palan! yo la leí!!!!  aprendió del mejor! y tipi va a pasar en paralelo por acá y por youtube dijo anoche! apostemo!  soplen los pitos y sacudan las maracas, pd: es joda lo de larita"
608,1855762,SoyLucasTomasi,Hace 7 meses,$ 1 000,1000.00,y llamalo y preguntale! apostemos
609,1855758,SoyLucasTomasi,Hace 7 meses,$ 1 000,1000.00,palan el tipi se viene a kick
610,1855276,SoyLucasTomasi,Hace 7 meses,$ 1 000,1000.00,"palan, explicales que la ley de glaciares es >>>> que la ley laboral. vendo glaciar"
611,1855274,SoyLucasTomasi,Hace 7 meses,$ 1 000,1000.00,que hiciste esta mañana palan?
612,1854779,soylucastomasi,Hace 7 meses,$ 500,500.00,ya casi será imputable
613,1854764,soylucastomasi,Hace 7 meses,$ 1 000,1000.00,nos están matando y nadie hace nada
614,1854756,soylucastomasi,Hace 7 meses,$ 2 000,2000.00,siendo así no debimos salirnos del bric palan
615,1854752,soylucastomasi,Hace 7 meses,$ 5 000,5000.00,"tremenda kukarda kukarruel, tremenda kukarda kukarina, tremendo kukardo pareja"
616,1854751,soylucastomasi,Hace 7 meses,$ 1 000,1000.00,kukarruel es tan kukarda que en cualquier momento la convoca pareja!
617,1854577,soylucastomasi,Hace 7 meses,$ 10 000,10000.00,haceme admin palan! yo te los controlo palan!
618,1854573,soylucastomasi,Hace 7 meses,$ 10 000,10000.00,tan re zarpados
619,1854549,soylucastomasi,Hace 7 meses,$ 500,500.00,palan ya viste lo que opina mengolini sobre el asesinato del mencho? https://youtu.be/mOaPfVCvcpo?si=nJv5bKDsXrZHKlC7
620,1854528,soylucastomasi,Hace 7 meses,$ 500,500.00,si no lo reviven así pueden probar con una coreografía como las feminazis
621,1854511,soylucastomasi,Hace 7 meses,$ 500,500.00,"palan, acá en la intimidad del ponzi, que se le responde al gordo dan?"
622,1854507,soylucastomasi,Hace 7 meses,$ 1 000,1000.00,palan ya hay fecha para cerrar el banco central?
623,1854500,soylucastomasi,Hace 7 meses,$ 500,500.00,"chanfle, palan! rechanfle!! recontrachanfle!!!! no contábamos con su astucia! fue sin querer queriendo? acúsala con su mamá! pero yo opino….."
624,1854478,soylucastomasi,Hace 7 meses,$ 1 000,1000.00,tenes que poner bajo la lupa al que dijo que lakuka saliva era la mejor banda de los últimos mil años
625,1854464,soylucastomasi,Hace 7 meses,$ 1 000,1000.00,palan si tenes 10 minutos podes poner la entrevista completa de sexpoint con ese gallego! ta buena
626,1854447,soylucastomasi,Hace 7 meses,$ 1 000,1000.00,dale palan! hacelos mierda!
627,1854423,soylucastomasi,Hace 7 meses,$ 1 000,1000.00,"palan, hacelos mierda!"
628,1853263,soylucastomasi,Hace 7 meses,$ 1 000,1000.00,palan quiero ver si los músicos de la mesa pueden con el desafío de whitney houston. van dos mil
629,1853223,soylucastomasi,Hace 7 meses,$ 1 000,1000.00,"palan quiero ver si los músicos de la mesa pueden con el desafío de whitney houston,  además, la mejor película d la historia de la humanidades la de las guerreras k pop,  me dijo mi hija https://youtu.be/VZ9OO-UJ6co?si=IugLNy5jWjPYCJQA"
630,1852979,soylucastomasi,Hace 7 meses,$ 10 000,10000.00,"palan, entraron munipas de la libertad kukarda al chat! hace algo! abz"
631,1852915,soylucastomasi,Hace 7 meses,$ 1 000,1000.00,palan cuanto te va a durar la fiebre laboral? son muchos frentes abiertos no crees que te puede caer arca con tanto ponzi?
632,1852557,soylucastomasi,Hace 7 meses,$ 500,500.00,"el congreso es un nido de ratas sin honor! solo se vota una cara  y 100 desconocidos, o peor aún, conocidos!"
633,1852523,soylucastomasi,Hace 7 meses,$ 500,500.00,"el FAL, o peor el KUKA, o peor aún, el PJ o la UCR.."
634,1852499,soylucastomasi,Hace 7 meses,$ 200,200.00,Mirá esto Palan:  https://youtube.com/shorts/f2NULwrFiEg?si=aubty79I-_xuGLTT
635,1852367,soylucastomasi,Hace 7 meses,$ 1 000,1000.00,https://youtu.be/a1HJKZZMUOE?t=86&si=5HMhIfxoTxWBNGv2
636,1852359,soylucastomasi,Hace 7 meses,$ 1 000,1000.00,palan después de cada sesión de dipugatos https://www.youtube.com/watch?v=ZrSJ4QdXOLc
637,1852286,soylucastomasi,Hace 7 meses,$ 500,500.00,oh miguel ángel! quisiera ser un pez para tocar mi nariz en tu pecera! y hacer burbujas de amor por donde quiera oh
638,1852284,soylucastomasi,Hace 7 meses,$ 500,500.00,"el trabajo a distancia es clave, yo quiero ser bombero a distancia para apagar el fuego de tu corazón con mi manguera virtual"
639,1852275,soylucastomasi,Hace 7 meses,$ 500,500.00,palan estás cuartop mundial
640,1852271,soylucastomasi,Hace 7 meses,$ 200,200.00,la estrategia de matar al oficialismo de aburrimiento es buena
641,1852269,soylucastomasi,Hace 7 meses,$ 500,500.00,no quiere ver laburantes! quiere vergotas
642,1852266,soylucastomasi,Hace 7 meses,$ 500,500.00,la inteligencia es clave
643,1852265,soylucastomasi,Hace 7 meses,$ 500,500.00,me combenzio
644,1852262,soylucastomasi,Hace 7 meses,$ 500,500.00,alguno vio el huevo que me chupa? tremendo
645,1852206,soylucastomasi,Hace 7 meses,$ 500,500.00,dante goebbels presidante
646,1852201,soylucastomasi,Hace 7 meses,$ 500,500.00,tremendo nido de ratas
647,1852179,soylucastomasi,Hace 7 meses,$ 500,500.00,"yo solo estoy para ver cosas importantes palan, cosas como estas https://youtube.com/shorts/OsSGwPzt2Jg?si=baa22FzVqJXcHjv7"
648,1852054,soylucastomasi,Hace 7 meses,$ 500,500.00,palan yo no le rezo a cualquier santo porque conocí a Dios. https://youtu.be/II-EFZOwXbo
649,1852048,soylucastomasi,Hace 7 meses,$ 500,500.00,"palan, como decía el dalai lama: ñam fri fruli fali fru, nocierto palan?"
650,1851685,soylucastomasi,Hace 7 meses,$ 500,500.00,palan te dejo una reflexión de un tipazo acerca de todo https://youtu.be/RlRLdzBVC6Y?si=oDfyq9oOwIdYQZhy
651,1851678,soylucastomasi,Hace 7 meses,$ 1 000,1000.00,concuerdo con paquito hay que eliminar a todos los kirchneristas del gobierno y de los otros dos poderes
652,1851669,soylucastomasi,Hace 7 meses,$ 1 000,1000.00,concuerdo
653,1851612,soylucastomasi,Hace 7 meses,$ 500,500.00,"te dejo una reflexión de , palancas  https://youtu.be/W5aUkq4IG8g?t=658&si=p34b1clZZcy3Pc1D"
654,1851606,soylucastomasi,Hace 7 meses,$ 500,500.00,mi canción te sale por los poros! https://youtu.be/VZ9OO-UJ6co?si=kTEEZFzbNMCZo2Hy
655,1851587,soylucastomasi,Hace 7 meses,$ 500,500.00,"palan, puede una persona de bien ser oficialista? dame tú respuesta más honesta.."
656,1851585,soylucastomasi,Hace 7 meses,$ 500,500.00,"palan, te acordas aquellos años como opositor? se extrañan no?"
657,1851476,soylucastomasi,Hace 7 meses,$ 1 000,1000.00,"pala, quería contarte que acá en cariló te cobran una pizza 50 k y una tirita de asado en un restaurante 70k! 150k la carpeta x dia y está todo hasta la pija! abz"
658,1851375,soylucastomasi,Hace 7 meses,$ 500,500.00,"no palan esa era manuelita, bartolito era esta https://youtu.be/tUiyM-Q5XIY?t=6&si=kQgkWTEThQoMP2Pu"
659,1851332,soylucastomasi,Hace 7 meses,$ 1 000,1000.00,palan conoces la canción de bartolito?
660,1851288,soylucastomasi,Hace 7 meses,$ 500,500.00,en bella vista tenemos la DUNLOP y sigue abierta lero lero en tu cara fate la tenes adentro cgt
661,1851228,soylucastomasi,Hace 7 meses,$ 500,500.00,y los minios de la oficina para la coordinación estratégica del pensamiento nacional volvió del feriado o sigue muteandri? muerte a los munipas de LLA
662,1851210,soylucastomasi,Hace 7 meses,$ 2 000,2000.00,"a santi caputo palan!!! que viva santi caputo pero como no es de LLA no cuenta, tal vez a miller"
663,1851198,soylucastomasi,Hace 7 meses,$ 2 000,2000.00,muerte a kukarruel
664,1851133,soylucastomasi,Hace 7 meses,$ 2 000,2000.00,el congreso es un nido de ratas! necesitamos un milei! anti la libertad avanza hasta que saquen a pareja y a karina
665,1851101,soylucastomasi,Hace 7 meses,$ 2 000,2000.00,hoy temprano me vi la entrevista de miller con tucker carlson (de nuevo) hay que sacar a este gobierno de mierda y votar por milei! necesitamos un milei palan!
666,1851095,soylucastomasi,Hace 7 meses,$ 500,500.00,aguante las cubiertas koreanas
667,1851079,soylucastomasi,Hace 7 meses,$ 2 000,2000.00,hola palan! como que milei arregló con la cgt? te acordas cuando la gloriosa industria nacional nos dejó sincubiertas? que? fate no nos dio cubiertas! ! que se maten! muerte a LLA !  cuando van a cerrar el bancocentral??
668,1850322,soylucastomasi,Hace 7 meses,$ 100,100.00,Palan es verdad esto?? https://x.com/i/status/2023422223126757625
669,1850244,soylucastomasi,Hace 7 meses,$ 200,200.00,palan leíste mi ceneka anterior?
670,1850229,soylucastomasi,Hace 7 meses,$ 102,102.00,palan recién renové automáticamente la membresía de alberdi de 50 us y me quedé sin plata para pañales asique no hay discord
671,1849669,soylucastomasi,Hace 7 meses,$ 1 000,1000.00,prefiero que desaparezcan los kukas violetas de la libertad kukarda y esperar otros dos años para tener reformas de verdad. los kukas de miller son más deshonestos! imagínate que ganen en pba? te la debo
672,1849647,soylucastomasi,Hace 7 meses,$ 196,196.00,palan hacías devoluciones? porque hoy te done 120 mil k te paso alias: pajandrista01_ gracias ameo
673,1849529,soylucastomasi,Hace 7 meses,$ 10 000,10000.00,esto no anda ! pasaste el beef palan? mandé ya 1942983 me rechaza toodos
674,1848013,SoyLucasTomasi,Hace 7 meses,$ 5 000,5000.00,palan soy el yo real de nuevo com la otra vez pero esta vez sin trucos. https://www.youtube.com/watch?v=S_QwHxZ-bJ4 si tenes ganas y queres asi me gustaria ver las marchas de los miercoles
675,1847995,SoyLucasTomasi,Hace 7 meses,$ 10 000,10000.00,"es falso que si faltas se te aplicará la prueba de fe ""cruzando el desierto"", es verdadero que se te aploicará ""el ojo que no parpadea"", lo que no aclara es cuando se aplica el desastre de esperus ni la nalgeada en el trasero con paletas"
676,1847991,SoyLucasTomasi,Hace 7 meses,$ 196,196.00,"Gabriel querido, https://x.com/clarincom/status/202171335574asd941dsa?s=46 todo crece, ustedes la ven. Son superados con discurzasos que  se condicen con el día a día. Encima volvió a bajar la carne. El kilo de asado 2K"
677,1847988,SoyLucasTomasi,Hace 7 meses,$ 1 000,1000.00,que hizo sparta? seguro tiene razón
678,1847980,SoyLucasTomasi,Hace 7 meses,$ 196,196.00,"""Buenas Palan, que condicion tiene Lucas tomassi?"" si interactuaras con el chat no serias un boludo."
679,1847976,SoyLucasTomasi,Hace 7 meses,$ 1 000,1000.00,2%? buenos bastante mejor que los 250% de los años pasados
680,1847974,SoyLucasTomasi,Hace 7 meses,$ 1 000,1000.00,Cromad (n 124)  SoyLucasTomas (n 1)  Moe Szyslak (n 194)  Krusty el Payaso (n 242)  Sideshow Mel (n 287)  BigotesOnline (n 362)  el lucas palandrista (n 434)  elena argentina (n 456)  Willie (n 530)  la comunidad palandrista de los palandrios
681,1847968,SoyLucasTomasi,Hace 7 meses,$ 1 000,1000.00,yo (n1)  Homer Simpson (n 908)  el peor de los lucas (n 12)  Elporonga27 (n 14)  Abraham Simpson (n.° 38)  Pajandrista01_ (n 57)  Seymour Skinner (n 62)  Julius Hibbert (n 86)  Octa (n 29)  Waylon Smithers (n.° 384)  MagoDLP (n.° 14)
682,1847146,soylucastomasi,Hace 7 meses,$ 10 000,10000.00,fue a las 22:30/ 23 ! y no te llamé! y además comparto medianera! más de 10 dotaciones de bomberos lo apagaron
683,1847135,soylucastomasi,Hace 7 meses,$ 10 000,10000.00,piedad palan
684,1847067,soylucastomasi,Hace 7 meses,$ 1 000,1000.00,palan mira este video si queres porfa son 10 segs https://youtu.be/tUiyM-Q5XIY?t=6&si=kQgkWTEThQoMP2Pu
685,1846725,SoyLucasTomasi,Hace 7 meses,$ 2 000,2000.00,te mandé la primicia en vivo y directo mientras se le quemaba el ranchoi a la madre de mauricio macri palan! no existe un video igual lo filme de la medianera y de arriba en casa
686,1845399,soylucastomasi,Hace 7 meses,$ 2 000,2000.00,"palan, tipi es el 1! si vemos su silueta de perfil"
687,1845392,soylucastomasi,Hace 7 meses,$ 500,500.00,"Palan, hay un libro maravilloso que se llama me chupa bien la pija la opinión de los kukas , sindicalistas y casi todos los políticos"
688,1844900,Soylucastomasi,Hace 7 meses,$ 200,200.00,Me muero porque me culee un zorro
689,1844837,SoyLucasTomasi,Hace 7 meses,$ 500,500.00,pd: Donde Mierda estan las plantaciones de ALOE VERA???
690,1844836,SoyLucasTomasi,Hace 7 meses,$ 185,185.00,"Palan ya volví, choco Chocapinto"
691,1844834,SoyLucasTomasi,Hace 7 meses,$ 2 000,2000.00,"ese no fui yo, pero aguante iorio y colapinto, el tio paquito y palan."
692,1844832,SoyLucasTomasi,Hace 7 meses,$ 200,200.00,de aqui en mas no soy yo palan me tengo que ir a ver mas informes del alpine
693,1844831,SoyLucasTomasi,Hace 7 meses,$ 500,500.00,"Palan, el motor! el motor! pa pa un Mercedes-AMG (1er año como customer tras Renault).  ICE: 1.6L V6 turbo, 400 kW (~540 hp) – menos que antes.  Híbrido: MGU-K ~350 kW (470 hp), sin MGU-H. Balance ~50/50 ICE/eléctrico (vs 80/20)"
694,1844828,SoyLucasTomasi,Hace 7 meses,$ 500,500.00,"ademas sigue con flujo aerodinámico frontal, pero complica la integración con el nuevo piso y sidepods. le eliminaron el beam wing (prohibido por regs)  y ahora reduce complejidad trasera y cambia el balance aero."
695,1844824,SoyLucasTomasi,Hace 7 meses,$ 500,500.00,"tremendo, no palan? mirá la suspensión: Delantera: Pull-rod (suspensión tirada) — una elección minoritaria en 2026 (solo Alpine y Cadillac la mantienen; la mayoría volvió a push-rod). Permite mayor libertad en el diseño del morro"
696,1844823,SoyLucasTomasi,Hace 7 meses,$ 500,500.00,Dimensiones y ChasisChasis: Monocasco de fibra de carbono con panal de abeja   ~200 mm más corto y ~100 mm más estrecho.  Peso: 768-772 kg (o Peso: 768-772 kg (objetivo ~770 kg confirmado en specs; ~30 kg menos gracias a chasis más compacto y
697,1844819,SoyLucasTomasi,Hace 7 meses,$ 500,500.00,"el A526 es un auto compacto, liviano y agresivo en concepto, con decisiones diferenciadoras como el pull-rod frontal y la cinemática trasera activa única."
698,1844815,SoyLucasTomasi,Hace 7 meses,$ 500,500.00,"Palan, aca van las principales características conocidas del A526 y del reglamento que lo defino empiezo hilo:"
699,1844811,SoyLucasTomasi,Hace 7 meses,$ 500,500.00,"palan, este coche corresponde al nuevo reglamento técnico de la F1 2026, que introduce cambios significativos respecto a años anteriores."
700,1844810,SoyLucasTomasi,Hace 7 meses,$ 500,500.00,"El nuevo auto de Franco Colapinto para la temporada 2026 de Fórmula 1 es el Alpine A526, el monoplaza que comparte con Pierre Gasly en el equipo BWT Alpine F1 Team."
701,1844788,SoyLucasTomasi,Hace 7 meses,$ 200,200.00,le di mi opinión al que no le gustaba la opinión de los lucas
702,1844786,SoyLucasTomasi,Hace 7 meses,$ 1 000,1000.00,"quiero que me digas que fue lo que dije que no te gustó! asi nunca más en la vida lo vuelvo a repetir! te lo juro! pero dale, pasamelo asi lo anoto"
703,1844780,SoyLucasTomasi,Hace 7 meses,$ 5 000,5000.00,"tipazo wally pero no seremos responsables por lo que le pase desde este instante en adelante, el tipo quiso hablar y habló jaja"
704,1844772,SoyLucasTomasi,Hace 7 meses,$ 200,200.00,"Debido a las restricciones en las remesas, lamentamos no poder aceptar solicitudes de África o India. Para obtener información completa sobre el salario y comenzar su solicitud, póngase en contact o con nuestro equipo de soporte por WhatsApp:"
705,1844771,SoyLucasTomasi,Hace 7 meses,$ 196,196.00,lo que lo h‌ace ideal para amas de casa y personas mayore​s que buscan ingresos adicionales desde casa. Tenga en cuenta que este puesto solo est á abiert‍o a solicitantes mayores de 21 años
706,1844770,SoyLucasTomasi,Hace 7 meses,$ 200,200.00,"Onekey Jobs UK está ampliando su equipo global y ahora busca teletrabajadores móviles p‌ara rea lizar tareas online fáciles y flexibles. El salario diario oscila entre 100 € y 800 €,"
707,1844769,SoyLucasTomasi,Hace 7 meses,$ 200,200.00,Heyy Lucas sorry for texting from a fake account but i want to confess something... I have been stalking your profile but im too shy to make the first move or follow you.  oh i almost forgot lol my is at  pajandrista01   Just accept this request
708,1844762,SoyLucasTomasi,Hace 7 meses,$ 200,200.00,Hey there! 👋  I’m messaging you about a possible partnership.  I’m representing the betting & casino Palan's Palace and we would love to invite you to become our brand ambassador.
709,1844756,SoyLucasTomasi,Hace 7 meses,$ 196,196.00,Cuenta: tnyu297 Contraseña: ade523d Saldo actual: 3345635.00USDT[thvusdt.com] Manténgalo seguro
710,1844750,SoyLucasTomasi,Hace 7 meses,$ 200,200.00,"Desde la oficina de asuntos Internacionales de Israel, hemos realizado la denuncia a:  Gerencia Asuntos Internacionales  Instituto Dominicano de las Telecomunicaciones (INDOTEL) Av. Abraham Lincoln, No. 962, 1ra. Planta"
711,1844748,SoyLucasTomasi,Hace 7 meses,$ 200,200.00,SANTO DOMINGO República Dominicana  Tel: +1 809 372 5555  Fax: +1 809 732 3904  E-mail: info@indotel.org.do URL: www.indotel.org.do
712,1844746,SoyLucasTomasi,Hace 7 meses,$ 196,196.00,"Hola a todos, soy el director de proyectos de Hanwha. Estoy contratando a 100 empleados a tiempo parcial en Argentina para que trabajen desde casa usando teléfonos móviles. Salario mensual: 30.000-100.000. por favor contactar   Wp: 549381674"
713,1844396,SoyLucasTomasi,Hace 7 meses,$ 200,200.00,es un ritual austriaco de solsticio de negrano
714,1844370,SoyLucasTomasi,Hace 7 meses,$ 200,200.00,kuk12 con sida entró al chat
715,1844350,SoyLucasTomasi,Hace 7 meses,$ 200,200.00,en mi época no existía el bulling por ende no existía esto
716,1844349,SoyLucasTomasi,Hace 7 meses,$ 200,200.00,"concuerdo con el negro, esto es una MASTERCLASS DE KARINA"
717,1844342,SoyLucasTomasi,Hace 7 meses,$ 200,200.00,wachiturros vs terian
718,1844336,SoyLucasTomasi,Hace 7 meses,$ 1 000,1000.00,"te das cuenta palan, a mi me bardearon en el ponzi cuando exigí el servicio militar obligatorio para toda esa gilada"
719,1844333,SoyLucasTomasi,Hace 7 meses,$ 1 000,1000.00,"me gusta el arte, todo tipo de arte austriaco, me gustan collages de ......."
720,1840698,soylucastomasi,Hace 7 meses,$ 200,200.00,palan por qué le decían musculito de leche a tomás díaz cueto? pregunto posta se lo escuché q alguno en la misa
721,1840686,soylucastomasi,Hace 7 meses,$ 2 000,2000.00,palan! un consejo del dr  para los zurditos del chat: https://www.instagram.com/reel/DSVue2KCSvz/?igsh=MW05ZzlpYmVva3c3Ng==
722,1840618,SoyLucasTomasi,Hace 7 meses,$ 200,200.00,"palan, no importa cuando leas esto: https://www.facebook.com/share/p/1BvZoU2zUY/"
723,1840608,SoyLucasTomasi,Hace 7 meses,$ 1 000,1000.00,"perdon, que el hijo de puta haga cosas como esta: https://www.facebook.com/photo/?fbid=10160675686548868&set=a.10154836212548868"
724,1840599,SoyLucasTomasi,Hace 7 meses,$ 1 000,1000.00,"palan, espero que el hijo de puta de valenzuela haga grandes cosas como estas"
725,1840574,soylucastomasi,Hace 7 meses,$ 1 000,1000.00,ya me vi el diferido de ayer con el tío paquito 18 veces
726,1839441,soylucastomasi,Hace 7 meses,$ 1 000,1000.00,ya me acostumbré a esta palan  ya murió youtube. sabías que más del 30% del contenido es basura hecha por AI y que juntan varios varios varios miles de millones de reproducciones basura. comunistas
727,1839422,soylucastomasi,Hace 7 meses,$ 1 000,1000.00,palan cuando se van a trasladar las palancoins? de última pásame mis retornos! son como 4 palos palan
728,1839051,SoyLucasTomasi,Hace 7 meses,$ 500,500.00,les dio verguenza ponerlo en el flyer
729,1839050,SoyLucasTomasi,Hace 7 meses,$ 500,500.00,distrajeron a los pibes con milei para lavarle la cara a kukareja.
730,1839045,SoyLucasTomasi,Hace 7 meses,$ 500,500.00,"yo no lo vi negro, hubo algún exponente de derechas en el acto?"
731,1839039,SoyLucasTomasi,Hace 7 meses,$ 500,500.00,concuerdo con el negro una cagada que haya ido pareja
732,1839034,SoyLucasTomasi,Hace 7 meses,$ 500,500.00,milei es pareja
733,1838942,soylucastomasi,Hace 7 meses,$ 500,500.00,palan lo sacaste antes :/ Mick Thomson le pega. el truco es que como la negra alarga la última frase cantada para que cierre se le agrega un golpe más y queda en 5/4. el golpe viene en el 5to y luego sigue en 4/4
734,1838931,soylucastomasi,Hace 7 meses,$ 500,500.00,https://youtube.com/shorts/bYuDY0CpoCE?si=-rv1hOuW7XjnfF9v ac tenes un buen trend de verdad de verdad
735,1838831,soylucastomasi,Hace 7 meses,$ 500,500.00,si pareja sigue yo dejo de fiscalizar. no pienso fiscalizar más a kukarina
736,1838818,soylucastomasi,Hace 7 meses,$ 500,500.00,al gordo del interior le recuerdo que en bs as tampoco hay milertarios. les recuerdo que perdimos por 14 puntos con pareja. cuáles son sus credenciales?
737,1838804,soylucastomasi,Hace 7 meses,$ 1 000,1000.00,palan dale privilegios a pajandrista para limpiar el chats d e hijos de puta kukardos
738,1838771,SoyLucasTomasi,Hace 7 meses,$ 200,200.00,"depe, presto y danann siempre tuvieron razón"
739,1838763,SoyLucasTomasi,Hace 7 meses,$ 500,500.00,"-y hablando de música, vos trumpy que andas escuchando últimamente?  - el último que sacó Miller!"
740,1838751,SoyLucasTomasi,Hace 7 meses,$ 500,500.00,esos putos no lucharon por su independencia
741,1838750,SoyLucasTomasi,Hace 7 meses,$ 500,500.00,pero el conejo es puertorriqueño
742,1838749,SoyLucasTomasi,Hace 7 meses,$ 500,500.00,yo quiero fundar el movimiento millerista disidente no se permiten karinas.
743,1838742,SoyLucasTomasi,Hace 7 meses,$ 500,500.00,postdata son casi tan mileistas como el tiro de máximo a néstor
744,1838739,SoyLucasTomasi,Hace 7 meses,$ 500,500.00,en jose c paz hay organizaciones gigamileistas como la púrpura y etc. solían ser kukardas pero ahora con nombre nuevo
745,1838738,SoyLucasTomasi,Hace 7 meses,$ 500,500.00,dieguito pedile perdón a mel
746,1838714,soylucastomasi,Hace 7 meses,$ 1 000,1000.00,abel tiene razon
747,1838711,soylucastomasi,Hace 7 meses,$ 500,500.00,feliz cumple palan
748,1838214,soylucastomasi,Hace 7 meses,$ 1 000,1000.00,"pd ni idea, que pasó con mel?"
749,1838212,soylucastomasi,Hace 7 meses,$ 1 000,1000.00,chúpame la pija diego romero.
750,1838168,soylucastomasi,Hace 7 meses,$ 1 000,1000.00,viste palan como amenazó karina a tronco aquel día de los sanduberperrunos??? ponerlo!!!! porfa
751,1838166,soylucastomasi,Hace 7 meses,$ 500,500.00,la hija de puta de karina si lo quiere
752,1838165,soylucastomasi,Hace 7 meses,$ 500,500.00,no lo pusieron en el flyer absolutamente sabiendo lo que se les vendría si lo hacían!
753,1838163,soylucastomasi,Hace 7 meses,$ 500,500.00,"miren como la cabra se convirtió en ovejita, al igual que el resto"
754,1838142,soylucastomasi,Hace 7 meses,$ 1 000,1000.00,pajandrista anda borrando fotos que no violan las reglas del grupo. tal cual te dije en la primera que me borren algo me las tomo te acordas palan? y me demoré bastante!
755,1838136,soylucastomasi,Hace 7 meses,$ 2 000,2000.00,"Palan te anticipé que no iba a durar, como le decía a dickinson: Now you see me, now you don't  Break the walls, I'm comin' out  Not a prisoner, I'm a free man  And my blood is my own now  Don't care where the past was  I know where I'm g"
756,1838125,soylucastomasi,Hace 7 meses,$ 5 000,5000.00,ave miller ave palan ave ponzi!
757,1837858,SoyLucasTomasi,Hace 7 meses,$ 500,500.00,por que piolado? de que me perdí palan?
758,1837848,SoyLucasTomasi,Hace 7 meses,$ 1 000,1000.00,"el grupo mas violento, el ministerio del odio"
759,1837844,SoyLucasTomasi,Hace 7 meses,$ 500,500.00,pero gracias por preguntar jaja
760,1837843,SoyLucasTomasi,Hace 7 meses,$ 500,500.00,"nono, hablaba de las internas de los liberalotes"
761,1837839,SoyLucasTomasi,Hace 7 meses,$ 500,500.00,agradezco al nacimiento de mi hija porque siento que del 20 al 23 viví en otra realidad paralela y me saltee todas estas cosas.
762,1837833,SoyLucasTomasi,Hace 7 meses,$ 500,500.00,Vengo de mi primera sesión y todavía no abro la boca
763,1837830,SoyLucasTomasi,Hace 7 meses,$ 500,500.00,"Palan, desde que empezaste la terapia no hablas mas que de ti mismo!"
764,1837809,soylucastomasi,Hace 7 meses,$ 198,198.00,palan no te enchanche ninguna respuesta ya no sé si llegan estos chats así nomas!
765,1837774,soylucastomasi,Hace 7 meses,$ 1 000,1000.00,claramente hablaba del presente del oficialismo y el de boca  pd: soy de san lorenzo.  pd2: nadie habló de la amenaza de karina a tronco y que nadie notó? y milei no hizo nada al respecto!!
766,1837724,soylucastomasi,Hace 7 meses,$ 10 000,10000.00,"palan, te puedo pedir algo? nos das una reflexión brutalmente honesta sobre nuestro presente?"
767,1837712,soylucastomasi,Hace 7 meses,$ 10 000,10000.00,"ni unitario ni federal, ni peroncho ni radical, ni izquierda ni derecha, ni kukardo ni macrista, de ultra extrema derecha, mileista de javier milei y palandrista de palandri. baten a karina"
768,1837705,soylucastomasi,Hace 7 meses,$ 1 000,1000.00,hay que mandarle la mazorca a los fans de rosas
769,1837310,SoyLucasTomasi,Hace 8 meses,$ 500,500.00,https://x.com/inquebrantalla/status/2016882700091613604
770,1837309,SoyLucasTomasi,Hace 8 meses,$ 500,500.00,"¡Te haré inquebrantable como el diamante, inconmovible como la roca!  🦅Soldados de La Libertad 🟪  Brazo Territorial de LLA.  Todo Marcha de Acuerdo a Pareja.      es joda, no?"
771,1837269,SoyLucasTomasi,Hace 8 meses,$ 500,500.00,milei no se la culea a fátima. Fátima sale a decir que a milei le gustan las canciones de lali. no aprende mas
772,1837257,SoyLucasTomasi,Hace 8 meses,$ 500,500.00,bregman acaba de blanquear que la última vez que trabajó fue cuando se expropiaron las afjp?
773,1837249,SoyLucasTomasi,Hace 8 meses,$ 1 000,1000.00,todesca a la rubia que se baña
774,1837243,SoyLucasTomasi,Hace 8 meses,$ 500,500.00,guarden tuit. en la era POST MILEI (lease 2031 en adelante) karina será peor que kristina
775,1837237,SoyLucasTomasi,Hace 8 meses,$ 1 000,1000.00,"es mas, el primer gordo compu es lord sturze,  ya todos saben que el camino de la motosierra fue quirúrgicamente trazado con IA. lo dijo siempre javi, lo dijo siempre sturze y lo repitió en DAVOS. gordos militancia en la calle fallecieron"
776,1837224,soylucastomasi,Hace 8 meses,$ 1 000,1000.00,"palan la historia la cuentan los que ganan, habrá bibliotecas completas en todo el mundo acerca de milei y de sus militantes digitales. habrá estudios! la revolución digital de milei ya comenzó pueden subirse o quedarse con los kirchneristas"
777,1837217,soylucastomasi,Hace 8 meses,$ 500,500.00,"palan, después de dar tu discurso de gordos compu, que sentís al leer a estos kukitas de karina  que ningunean a los gordos compu ?"
778,1837203,soylucastomasi,Hace 8 meses,$ 500,500.00,"es así totalmente así pajan. no nos afiliaron. y si, lili dijo que no movemos la aguja. rebobina"
779,1837194,soylucastomasi,Hace 8 meses,$ 500,500.00,"mike se maneja ponrwsltados. los resultados del armado de pareja: . me los enumeras palan, además de los 14 de dif"
780,1837191,soylucastomasi,Hace 8 meses,$ 500,500.00,si tenes huevos lo presentas de muy mala manera. que es eso de halagos a pareja?
781,1837180,soylucastomasi,Hace 8 meses,$ 2 000,2000.00,ni movemos la aguja? y qué mierda hicimos fiscalizando? después piden ir a fiscalizar y esas hija de puta de limones nos dice irrelevantes y que no movemos la aguja. sin nosotros massa ganaba en prime era vuelta ni te olvides lila conchuda
782,1837175,soylucastomasi,Hace 8 meses,$ 500,500.00,lo vengo diciendo desde el día 0. imagínate cuando tengas que votar el 31 a karina y al pajerta
783,1837171,soylucastomasi,Hace 8 meses,$ 500,500.00,"hace algo palan, decile algo. me pone triste"
784,1837152,soylucastomasi,Hace 8 meses,$ 1 000,1000.00,"concuerdo con palan: si sos militante mileista (digamos osea, militas para un político dizque milei) tenes que matarte y grabarlo. más aún, si la organización empieA con “juventud LLA..” sos kirchnerista. afuera!"
785,1837130,soylucastomasi,Hace 8 meses,$ 500,500.00,"palan, mira los tuitazos que se manda el nene vera! pd: solo retuitea a la hija"
786,1837128,soylucastomasi,Hace 8 meses,$ 1 000,1000.00,los hombres de verdad usan su nombre de verdad o en defecto su apodo de verdad!
787,1837126,soylucastomasi,Hace 8 meses,$ 2 000,2000.00,palan te respondí por whatsapp eso que me preguntaste si quería volver a entrar y ser admin en el grupo d whasap! no hay 3 sin 4!
788,1837118,soylucastomasi,Hace 8 meses,$ 500,500.00,no se merecen nuestra presencia en esta plataforma. muerte a los raideos
789,1837116,soylucastomasi,Hace 8 meses,$ 500,500.00,a scioli se lo puede echar y se lo debe echar
790,1837106,soylucastomasi,Hace 8 meses,$ 500,500.00,"milei no vende sus ideales, no negocia con comunistas.(javi)  milei me abandonó en septiembre y milei regló la provincia (karina)   nunca voté kirchneristas. en sep no voté al hijo de puta de valenzuela solo voté concejal. y fui fiscal"
791,1837104,soylucastomasi,Hace 8 meses,$ 1 000,1000.00,el cielo los aplastará delante de nosotros. de lo contrario nosotros los aplastaremos. como bonaerense
792,1837101,soylucastomasi,Hace 8 meses,$ 1 000,1000.00,"No les tengan miedo!  Cíñanse las armas, compórtense valerosamente y estén preparados mañana al amanecer para atacar a los paganos que se han aliado contra nosotros a fin de destruirnos y destruir nuestro santuario"
793,1837086,soylucastomasi,Hace 8 meses,$ 500,500.00,"saba que tiene pareja? 0 fiscales. nos dejaron solos, 14 puntos de dif, tremenda derrota. eso es pareja    el  cie lo los aplastará delante de nosotros"
794,1837068,soylucastomasi,Hace 8 meses,$ 500,500.00,milei dijo que jamás modificaría las reglas del juego. pareja quiere entrar y destruir el tablero. para que?  para ser el uno dueño?
795,1837065,soylucastomasi,Hace 8 meses,$ 500,500.00,"no comparto ni un solo ideal, ni brunoun valor, ningún pensamiento ni reflexión, ningún interés o gusto ni motivos para existir al lado de pareja. no quiero estar del lado de los delincuentes. jamás estaré al lado de un kirchnerista."
796,1837059,soylucastomasi,Hace 8 meses,$ 1 000,1000.00,"Ellos nos atacan, llenos de insolencia y de impiedad, para exterminarnos a nosotros, a nuestras mujeres y a nuestros hijos y para apoderarse de nuestros despojos.   Nosotros, en cambio, luchamos por nuestra vida y por nuestras costumbres."
797,1837054,soylucastomasi,Hace 8 meses,$ 500,500.00,"quisiera repasar las propuestas de pareja que son muy muy de corte milertario como modificar la constitución, eliminar las dos cámaras, agregar a la semana un día osvaldo, los lunes solo saldrán los que tengan dni finalizado en 1 y 7, etc"
798,1837050,soylucastomasi,Hace 8 meses,$ 1 000,1000.00,"Es fácil que una multitud caiga en manos de unos pocos, y al Cielo le da lo mismo salvar con muchos que con pocos.   Porque la victoria en el combate no depende de la cantidad de las tropas, sino de la fuerza que viene del Cielo."
799,1837047,soylucastomasi,Hace 8 meses,$ 500,500.00,que es el pro?
800,1837030,soylucastomasi,Hace 8 meses,$ 200,200.00,mi color favorito es el azul
801,1836673,SoyLucasTomasi,Hace 8 meses,$ 500,500.00,"me lo dijo él. Ella le metió una supuesta falsa denuncia por acoso, y luego lo trató (tal cual el oficialismo de ishii) de violento con su abuela que es fake news"
802,1836662,SoyLucasTomasi,Hace 8 meses,$ 500,500.00,"palan ya que dijiste LAS concejales, en solidaridad con frankito zn de josé c paz.. permítanme dudar de mia amoroso y su mileísimo en sangre.  ya lo durmió y lo entregó a ishii al chad lo detuvieron lo boxearon le hicieron de todo, ojo"
803,1836649,SoyLucasTomasi,Hace 8 meses,$ 499.98,499.98,es claro que el dueño la enganchó robando. se caga en el trabajo de los compañeros. claramente es kukarda y por ende ladrona
804,1836647,SoyLucasTomasi,Hace 8 meses,$ 200,200.00,yo avisé palan yo avisé!  mirá el ranking de ceneka!
805,1836633,SoyLucasTomasi,Hace 8 meses,$ 1 000,1000.00,"pareja = 0 fiscales. no se olviden, no se olviden. le contaré a mis nietos palan, el dia de los 0 fiscales. pd: dije una boludez mas temprano? 2027 será boleta única o partidaria?"
806,1836626,SoyLucasTomasi,Hace 8 meses,$ 499.97,499.97,cuando van a decir que lo de libra fue karina usando el celular de milei?
807,1836623,SoyLucasTomasi,Hace 8 meses,$ 500,500.00,"no fue un acto oficialista. piedad.   muerte a la derecha fest, muerte a la derecha fest la concha de sus madres."
808,1836610,soylucastomasi,Hace 8 meses,$ 1 000,1000.00,palan ya estamos para armar la alternativa dentro del partido? Romo gobernador! santi si estás mirando a palan ya estamos para que las fuerzas del cielo sean la alternativa oficialista al kukarinismo
809,1836594,soylucastomasi,Hace 8 meses,$ 1 000,1000.00,palan yo no fui!
810,1836590,soylucastomasi,Hace 8 meses,$ 198,198.00,"concuerdo con milei explica, con pareja con hay fiscales"
811,1836584,soylucastomasi,Hace 8 meses,$ 200,200.00,"lo bueno es que pareja no es mileista y es kirchnerista, es muy importante aclararlo para los libros de historia"
812,1836575,soylucastomasi,Hace 8 meses,$ 200,200.00,mía ligosa es lilia? javier compadre la cosa está que arde
813,1836571,soylucastomasi,Hace 8 meses,$ 500,500.00,"eso no es ser de derecha, no robar es ser de derecha principalmente. hubieras puesto fiscales si fueras de derecha, palan pedime perdón!!!"
814,1836557,soylucastomasi,Hace 8 meses,$ 1 480,1480.00,"no vamos a ir, irás pero no conmigo"
815,1836556,soylucastomasi,Hace 8 meses,$ 1 480,1480.00,palan me hizo el gestito!
816,1836549,soylucastomasi,Hace 8 meses,$ 1 000,1000.00,"piedad, me refería a la canción de su sillón! como me vas a echar así???"
817,1836546,soylucastomasi,Hace 8 meses,$ 1 000,1000.00,palan me hace acordar al gato el explicao! el gato de les luthiers que tiene explicaciones! ponele por fa palan! muerte a lhda música
818,1836530,soylucastomasi,Hace 8 meses,$ 1 000,1000.00,"cuál respeto? cuál respeto se le puede faltar a un kirchnerista ? perdón te digo más, a tremendo hijo de puta que no puso fiscales y nos cogieron en septiembre!!!"
819,1836526,soylucastomasi,Hace 8 meses,$ 1 000,1000.00,por favor den de baja a karina milei por favor te pido! por favor palan hacelo.  pd: que hace un kirchnerista en la nenecha fest? ave fdc
820,1836514,soylucastomasi,Hace 8 meses,$ 1 000,1000.00,"palan dije una tontería no? sería elección nacional si es para gobernador, habrá o no habrá boleta única?"
821,1836302,SoyLucasTomasi,Hace 8 meses,$ 2 000,2000.00,"moción para cambiar el color del partido a rojo romano lord santi y el gordo dan, esos estandartes si se pueden ver. aca soldado pretoriano 1ra generación ave Miller ave palan ave ponzi"
822,1836299,SoyLucasTomasi,Hace 8 meses,$ 500,500.00,"odio el cuadro violeta la libertad noavanza, lo desprecio, lo veo y me da nauseas, me da asco y sobre todo los nombres que le ponen encima como ""gianni conducción"""
823,1836293,SoyLucasTomasi,Hace 8 meses,$ 500,500.00,Y los inquebrantables son unos quebrados kukardos malandros
824,1836286,SoyLucasTomasi,Hace 8 meses,$ 1 000,1000.00,cual dupla presidencial  preferís palan?  A) Massa  y kristina o B) karina y pareja?
825,1836237,SoyLucasTomasi,Hace 8 meses,$ 5 000,5000.00,imaginate que es 2031 y tenes que ir a votar al jefe para presidente y a Pareja gobernador. que sigue? el nene vice? Palan me libre y me guarde
826,1836227,SoyLucasTomasi,Hace 8 meses,$ 1 000,1000.00,palan imaginate que el país vuelva a depender de una mujer
827,1836210,soylucastomasi,Hace 8 meses,$ 1 000,1000.00,que miedo que el país dependa de una mujer!
828,1836202,soylucastomasi,Hace 8 meses,$ 1 000,1000.00,cual habrá sido el favor si es tan caro nos será el vuelto no palanca? la buta madre
829,1836199,soylucastomasi,Hace 8 meses,$ 1 000,1000.00,"palan aca parpadeas y sos pollo, karina kukaclass"
830,1836198,soylucastomasi,Hace 8 meses,$ 1 000,1000.00,podremos decir que fuimos mileistas pero de Milei? como dicen los peronchos meados pero de perón!
831,1836192,soylucastomasi,Hace 8 meses,$ 1 000,1000.00,me bajo del oficialismo si llega a ser candidato kukareja
832,1836190,soylucastomasi,Hace 8 meses,$ 1 000,1000.00,es cierto que el McKuka Pareja será candidato a gobernador?
833,1836021,SoyLucasTomasi,Hace 8 meses,$ 1 000,1000.00,"en el 2012 me ofrecieron pasantía en techint. una prueba online. otra grupal, otra de logica, otra tecnica, otra personal,  otra con la psicologa de la compañia. y al final de todo vi el sueldo: adios les dije"
834,1836001,soylucastomasi,Hace 8 meses,$ 1 000,1000.00,palan te mandé todo. lo de meloni solo cambio por culpa de vox. pique sabía que vox lo iba a tumbar! muerte a vox!!!
835,1835999,soylucastomasi,Hace 8 meses,$ 5 000,5000.00,larga vida a lord santi caputo.  muerte a toooodos esos!  me afilié al partido hace años y nunca me anotaron muerte a karina
836,1835998,soylucastomasi,Hace 8 meses,$ 200,200.00,Saben que no soy yo el que dona porque los montos son menores a 1000 pesos
837,1835997,soylucastomasi,Hace 8 meses,$ 1 000,1000.00,giorgia rechazó el board of peace y votó contra el acuerdo mercosur ue. la zurdita consumo interno producción nacional meloni
838,1835995,soylucastomasi,Hace 8 meses,$ 200,200.00,muerte a las irrelevantes tamb kukarruel el primero bloqueado por kukarruel me bloqueo a mediados del 24 y muerte a la irrelevante pagano
839,1835994,soylucastomasi,Hace 8 meses,$ 1 000,1000.00,nadie va a decir nada de la dama giorgia la bolchevique meloni?
840,1835993,soylucastomasi,Hace 8 meses,$ 200,200.00,"Denle gracias a Pareja porque sin él, Milei no sería ni siquiera presidente, aprendan"
841,1835992,soylucastomasi,Hace 8 meses,$ 1 000,1000.00,"muerte a karina muerte a pareja muerte a lule muerte al nene vera muerte a leila giannina, muerte a patitos muerte a la de las tetas muerte a santillán muerte a limones muerte a vondarenko muerte a karina muerte a scioli muertes los kuka"
842,1835988,soylucastomasi,Hace 8 meses,$ 1 000,1000.00,muerte al kirchnerismo de milei
843,1835986,soylucastomasi,Hace 8 meses,$ 1 000,1000.00,Muerte a los heterosexuales.
844,1835982,soylucastomasi,Hace 8 meses,$ 200,200.00,muerte a los periodistas
845,1835981,soylucastomasi,Hace 8 meses,$ 200,200.00,muerte al periodismo
846,1835979,soylucastomasi,Hace 8 meses,$ 200,200.00,muerte a TN
847,1835972,soylucastomasi,Hace 8 meses,$ 2 000,2000.00,muerte a lla violeta kukardo. el otro día laje salió en vivo con zapatillas ruckauf vestido de gala con la casaca fdc original color romano santi caputo
848,1835964,soylucastomasi,Hace 8 meses,$ 1 000,1000.00,
849,1833435,SoyLucasTomasi,Hace 8 meses,$ 1 000,1000.00,"lluvia de inversiones, que la chupen los locales. hubieran puesto el billete antes. no confío en los testeos de calidad y las normas del inti inta y chupapintis."
850,1833430,SoyLucasTomasi,Hace 8 meses,$ 200,200.00,palan que es un palestina?
851,1833422,SoyLucasTomasi,Hace 8 meses,$ 200,200.00,"el que se mete con maravillandri, sillandri, muteandri, gagandri, palandri, pajandri y con el muchacho. se seca!"
852,1833413,SoyLucasTomasi,Hace 8 meses,$ 200,200.00,palan deportaron a green fits? de que me perdí?
853,1833381,SoyLucasTomasi,Hace 8 meses,$ 500,500.00,el que se mete con musci se seca
854,1833370,SoyLucasTomasi,Hace 8 meses,$ 200,200.00,palan dijo ruckauf que trump está por liberar cuba! y no está el nene perez para confirmarlo. que hacemos?
855,1833367,SoyLucasTomasi,Hace 8 meses,$ 500,500.00,"palan, poné la de south park la pelicula: blame canadaaa blame canadaaaaa"
856,1833362,SoyLucasTomasi,Hace 8 meses,$ 500,500.00,"la chilindrina habla muy rápido para que nos cueste seguirle el ritmo, es una estrategia que vale un oscar!"
857,1833360,SoyLucasTomasi,Hace 8 meses,$ 200,200.00,que
858,1833358,SoyLucasTomasi,Hace 8 meses,$ 200,200.00,mierda
859,1833357,SoyLucasTomasi,Hace 8 meses,$ 200,200.00,es
860,1833356,SoyLucasTomasi,Hace 8 meses,$ 200,200.00,esto?
861,1833351,SoyLucasTomasi,Hace 8 meses,$ 200,200.00,"so eregalar casas a las madres lo hacía don pablo escobar y era malo, lo hace su heredero lula y sigue siendo malo."
862,1833349,SoyLucasTomasi,Hace 8 meses,$ 500,500.00,el portugués es un idioma en joda
863,1833336,SoyLucasTomasi,Hace 8 meses,$ 200,200.00,ah pero los productores europeos
864,1833335,SoyLucasTomasi,Hace 8 meses,$ 1 000,1000.00,"una poronga todo, no aprendieron nada de bukele? a que fue pato a el salvador? de turismo? no, a copiar a bukele. que es esto?? La Ley Penal Juvenil de bukele regula a los adolescentes entre 12 y 18 años, 14 no sirve."
865,1833325,SoyLucasTomasi,Hace 8 meses,$ 500,500.00,mientras tanto en amsterdam: impuesto a la carne
866,1833321,SoyLucasTomasi,Hace 8 meses,$ 200,200.00,se comió un trabuco?
867,1833315,SoyLucasTomasi,Hace 8 meses,$ 1 000,1000.00,"me gustan los extranjeros, me encantan, sobre todos los que se quedan en sus países y no vienen al nuestro"
868,1833305,SoyLucasTomasi,Hace 8 meses,$ 1 000,1000.00,"palan, buscate algun video de gabino comiendo en villas, hay miles. un asco"
869,1833296,SoyLucasTomasi,Hace 8 meses,$ 1 000,1000.00,"que viva el impuesto no gravado al extranjero, impuesto en negro a ojo del comerciante para equilibrar el universo"
870,1833286,SoyLucasTomasi,Hace 8 meses,$ 500,500.00,muerte a lhda cocina
871,1833277,SoyLucasTomasi,Hace 8 meses,$ 5 000,5000.00,lo que fue escalofriante fue lhda música
872,1833275,SoyLucasTomasi,Hace 8 meses,$ 500,500.00,renunciá juani no seas npc
873,1833243,SoyLucasTomasi,Hace 8 meses,$ 200,200.00,renunció el pelo de luchi
874,1833234,SoyLucasTomasi,Hace 8 meses,$ 200,200.00,renunció el peluquero de luchi
875,1833232,SoyLucasTomasi,Hace 8 meses,$ 200,200.00,renunció luchi
876,1831887,SoyLucasTomasi,Hace 8 meses,$ 1 000,1000.00,"palan, yo no soy libertario, toto no es libertario, santi no es libertario, sturze no es libertario, sandra no es libertaria... sabes quienes si son libertarios? el nene vera, pareja, karina, giani, limones... fijense jaja"
877,1831877,SoyLucasTomasi,Hace 8 meses,$ 2 000,2000.00,"palan tengo una gorra roja de KEEP AMERICA GREAT (campaña 2020) soy más trumpista que paquito. soy trumpista de Miller, milertario de trump y palandrista de palandri. no soy nada, soy todo y no me gusta el colectivismo. ave Miller ave palan"
878,1831845,SoyLucasTomasi,Hace 8 meses,$ 1 000,1000.00,"como en israel, todos pasan por entrenamiento militar."
879,1831841,SoyLucasTomasi,Hace 8 meses,$ 1 000,1000.00,"tampoco soy conservador, soy de ultra derecha. milertario de Miller y palandritsa de palandri"
880,1831840,SoyLucasTomasi,Hace 8 meses,$ 1 000,1000.00,"pd: yo no soy liberal, soy de ultra derecha"
881,1831837,SoyLucasTomasi,Hace 8 meses,$ 1 000,1000.00,"yo no hable de colimba, yo dije servicio militar obligatorio.   sin mezclar con este tema. ni usarlo como condena."
882,1831835,SoyLucasTomasi,Hace 8 meses,$ 1 000,1000.00,reglas de la informatica:   1. reiniciar la pc  2. apagarl la pc y volver a prender  3. patearla la pc y volver a intentar
883,1831833,LucasTomasi,Hace 8 meses,$ 200,200.00,"Hola Palan, soy el true lucas el que esta en discord me esta dejando mal   PD: soy gay"
884,1831791,soylucastomasi,Hace 8 meses,$ 1 000,1000.00,tenemos que eliminar la inmunidad parlamentaria
885,1831790,soylucastomasi,Hace 8 meses,$ 1 000,1000.00,pena de muerte también si sos político corrupto
886,1831789,soylucastomasi,Hace 8 meses,$ 1 000,1000.00,solo si es seguida de muerte
887,1831785,soylucastomasi,Hace 8 meses,$ 1 000,1000.00,pena de muerte en caso de tortura.
888,1831760,soylucastomasi,Hace 8 meses,$ 5 000,5000.00,"palan, no descanses en los laureles. impulsa una competencia de colegas desarrolladores para hacer tu propia plataforma y ver cómo integrarla a mierda de kick, necesito responder superchats y darles me gusta"
889,1831758,soylucastomasi,Hace 8 meses,$ 500,500.00,yo sé lo que envenena..
890,1831732,soylucastomasi,Hace 8 meses,$ 1 000,1000.00,"palan, vos sos argentino? porque no parece! yo ya no sé lo que parece, pero parece!! parece, solo parece! porque si lo fueras ya tendrías 5 cuentas de respaldo en youtube"
891,1831383,soylucastomasi,Hace 8 meses,$ 200,200.00,palan te mandé wasap si queres podes leerlo en público!
892,1831360,soylucastomasi,Hace 8 meses,$ 200,200.00,"f  fe de erratas: mis amigos productores necesitan otro yate, otra mansión, otra fortuna y más sirvientes"
893,1831321,SoyLucasTomasi,Hace 8 meses,$ 200,200.00,"sacreblú palan, mis hijos neceistan vinoooou"
894,1831318,SoyLucasTomasi,Hace 8 meses,$ 200,200.00,"palan, mis productores amigos necesitan otro yate de super lujo! no merecen quedarse con el yate viejo del año pasado,.yo no quiero eso para mis queridos euro productores"
895,1831312,SoyLucasTomasi,Hace 8 meses,$ 196,196.00,"cuantos gallegos se necesitan para cambiar una lamparita?    Cinco, uno que sostenga la lámpara y cuatro que giren la escalera."
896,1831309,SoyLucasTomasi,Hace 8 meses,$ 200,200.00,aclaración palan: tipi le pregunta que debería pasar alla en europa para igualar las condiciones?? y ell aresponde: que gane un milei! jijo
897,1831301,SoyLucasTomasi,Hace 8 meses,$ 200,200.00,"si quieren igualdad de condiciones que nos devuelvan el oro robado, que nos pasen el euro y nos perdonen las deudas. que estemos iguales y ahi vemo lo dema"
898,1831298,SoyLucasTomasi,Hace 8 meses,$ 200,200.00,"pero palan, Miller dijo que no iba a comerciar con comunistas, NO AL ACUERDO MERCOSUR - UE.  si a los acuerdos entre privados! será asi el acuerdo del gas porque ypf es en parte privada?"
899,1831288,SoyLucasTomasi,Hace 8 meses,$ 1 000,1000.00,quiere que gane milei para que europa haga lo opuesto a lo que hace milei porque ella quiere lo contrario a lo dice milei
900,1831280,SoyLucasTomasi,Hace 8 meses,$ 200,200.00,por que no se pueden hacer acuerdos individuales como el del gas con la melones?
901,1831278,SoyLucasTomasi,Hace 8 meses,$ 200,200.00,"no pero pregunto mas especificamente, como se comercializa hoy sin acuerdo?"
902,1831275,SoyLucasTomasi,Hace 8 meses,$ 200,200.00,"palan, pregunto en serio. para que hace falta un acuerdo?"
903,1831265,SoyLucasTomasi,Hace 8 meses,$ 666,666.00,prefijo euro = prefijo nacional popular  bolivariano
904,1831233,SoyLucasTomasi,Hace 8 meses,$ 666,666.00,"palan, cuantos gallegos se necesitan para chocar un tren? pregunto en serio"
905,1831231,SoyLucasTomasi,Hace 8 meses,$ 200,200.00,el croma de palan es como el muro de berlín! el que se mete con el general trump se seca.
906,1831221,SoyLucasTomasi,Hace 8 meses,$ 196,196.00,diganle chau a la cuenta de twitter de lhda16
907,1831202,SoyLucasTomasi,Hace 8 meses,$ 200,200.00,compren dolares para el futuro post milei porque no jau
908,1831197,SoyLucasTomasi,Hace 8 meses,$ 500,500.00,"palan, vos conoces otra forma de conseguir hielo que no sea conquistando groenlandia?"
909,1830774,soylucastomasi,Hace 8 meses,$ 200,200.00,aquellos que se murieron por el choque se murieron antes de lo que debían hacerlo
910,1830765,soylucastomasi,Hace 8 meses,$ 300,300.00,"palan, necesitamos que los mensajes viejos se borren y los nuevos persistan según el pago . así no quedamos escrachados"
911,1830757,soylucastomasi,Hace 8 meses,$ 200,200.00,como diría harry potter: In sha Allah!!
912,1830753,soylucastomasi,Hace 8 meses,$ 200,200.00,no sabía que salía como raffsody
913,1830697,SoyLucasTomasi,Hace 8 meses,$ 1 000,1000.00,"Ahora poné este otro video en donde salgo yo, y después este otro en hablan de mí y después este otro en donde me putean y yo respondo"
914,1830694,SoyLucasTomasi,Hace 8 meses,$ 1 000,1000.00,https://www.youtube.com/live/4qufqfZX0CA?si=TCKA3etTSPl1miId&t=3979 alguno me bardeó ayer y franquito respondió
915,1830671,SoyLucasTomasi,Hace 8 meses,$ 200,200.00,que hace una mujer fuera de la cocina? turismo.
916,1830664,SoyLucasTomasi,Hace 8 meses,$ 200,200.00,blob:https://web.whatsapp.com/cc5abbd5-fb05-4222-942b-80124e3203a1
917,1830656,SoyLucasTomasi,Hace 8 meses,$ 200,200.00,"Mentira palan, no soy yo, se están haciendo pasar por mi, no me metas a ningún grupo. Pd: Le podes avisar a Pajan que el trava que me presento anoche lo extraña."
918,1830649,SoyLucasTomasi,Hace 8 meses,$ 1 000,1000.00,"bueno va de nuevo, te acepto por esta vez entrar al grupo solo porque a mel le gustaría y a pajan tambien, pero solo con la condición de que los vuelvas mods aquí a los chads de antes: al itati, al pajan, al chad que no me cree nada y etc."
919,1830638,SoyLucasTomasi,Hace 8 meses,$ 200,200.00,"palan hoy te acepto para que se enoje pajan y tamb mel ya que etsamos, pero solo si le devovles el mod a pajan aca en kick!"
920,1830628,SoyLucasTomasi,Hace 8 meses,$ 10 000,10000.00,pago alberdi en los dos patreons y no estoy en ningún grupo de wasap
921,1830627,SoyLucasTomasi,Hace 8 meses,$ 1 000,1000.00,"la desmonetización fue por reutilización de contenido, pero si. pudo haber sido eso de exponer el lavado tarotista"
922,1830621,SoyLucasTomasi,Hace 8 meses,$ 200,200.00,cortesía de rayden y Miller
923,1830617,SoyLucasTomasi,Hace 8 meses,$ 500,500.00,"otro dato curioso de trump, desciende de un tipazo aleman del 1869 que se llamaba drumpf pero se cambiò a trump para mudarse a usa previo a la WWI, suena a tirunfo asique fue por marketing, viene de generaciones"
924,1830610,SoyLucasTomasi,Hace 8 meses,$ 200,200.00,eso dijo trump en la cpac cuando lo abrazó al javo. He's a big Trump guy. He loves Trump. I love him because he loves Trump. When he called I took his call on me. Anybody that loves me I like them
925,1830604,SoyLucasTomasi,Hace 8 meses,$ 1 000,1000.00,"y todo esto gracias a mi querido amigo javier gerardo milei, gran tipo javier,  amo a javier milei, posta, lo amo. amo a javier porque me ama a mi. ami a todo aquel que ame a Trump, que soy yo. amo y señor del universo."
926,1830599,SoyLucasTomasi,Hace 8 meses,$ 200,200.00,"https://www.youtube.com/watch?v=U0RSRQEmGG0 reite, la renga"
927,1830597,SoyLucasTomasi,Hace 8 meses,$ 200,200.00,"Y pajan, que en tu risa viva el arte  De que rían los demás.  Estar feliz no es pecado,  Ni un trastorno mental!"
928,1830596,SoyLucasTomasi,Hace 8 meses,$ 200,200.00,"Y no se obtiene con riqueza, pajan,  Ni con poder, ni aun siendo capaz  Esos no tienen risa y se divierten  Amargando nuestro carnaval"
929,1830594,SoyLucasTomasi,Hace 8 meses,$ 200,200.00,"Reíte pajan, con vos me quiero reír, es nuestra oportunidad.  Y aunque venga el aguafiesta nos vamos a reír igual... ¡Ja!"
930,1830592,SoyLucasTomasi,Hace 8 meses,$ 200,200.00,"Reíte pajan, reíte hasta morir, aunque te quieran borrar toda la cosquilla de tu alma que busca su libertad!"
931,1830588,SoyLucasTomasi,Hace 8 meses,$ 200,200.00,"pajan, Y que en tu risa viva el arte  De que rían los demás.  Estar feliz no es pecado,  Ni un trastorno mental"
932,1830586,SoyLucasTomasi,Hace 8 meses,$ 200,200.00,"Reíte, pajan, nunca pares de reír, que tu risa es fatal.  Para esos que castran a la vida del instinto natural"
933,1830584,SoyLucasTomasi,Hace 8 meses,$ 200,200.00,"tenes que reirte pajan, reíte, no pares de reír, es tu oportunidad.  Y aunque pienses que te reís de todo, vos reíte igual"
934,1830203,SoyLucasTomasi,Hace 8 meses,$ 200,200.00,momo argentum
935,1830199,SoyLucasTomasi,Hace 8 meses,$ 200,200.00,palan pone foto de la seleccion de francia 1998
936,1830182,SoyLucasTomasi,Hace 8 meses,$ 200,200.00,"la guerra fría fue terrible, helada.. bajo cero."
937,1830171,SoyLucasTomasi,Hace 8 meses,$ 200,200.00,como diría el richi hassan: Bismillah!!!
938,1830170,SoyLucasTomasi,Hace 8 meses,$ 200,200.00,"Como diría Yusuf el pirata, ""Gloria a Allah, bro""."
939,1830169,SoyLucasTomasi,Hace 8 meses,$ 200,200.00,"Como diría Ahmed el inglés, ""Si Allah quiere, hermano""."
940,1830167,SoyLucasTomasi,Hace 8 meses,$ 200,200.00,como diría sadam el británico: As-Salamu Alaikum
941,1830153,SoyLucasTomasi,Hace 8 meses,$ 1 000,1000.00,"como diría mohamed, el inglés: es harám!"
942,1830141,SoyLucasTomasi,Hace 8 meses,$ 200,200.00,milei me dijo que larreta divide todo en 2: cosas que compra y cosas que va a comprar.
943,1830118,SoyLucasTomasi,Hace 8 meses,$ 200,200.00,"lord rinaldi: ""El presidente de la Nación es mucho mejor político que economista."""
944,1830111,SoyLucasTomasi,Hace 8 meses,$ 200,200.00,"como diría rinaldi: ""La inversión militar, es decir en defensa, es la mejor inversión que puede hacer cualquier Estado Nación que se precie de tal."""
945,1830105,SoyLucasTomasi,Hace 8 meses,$ 200,200.00,"como diría rinaldi: ""Hace 20 años que sabemos que te hierve la cola, boludo."""
946,1830083,SoyLucasTomasi,Hace 8 meses,$ 200,200.00,"y bueno palan, como dicen en inglaterra: allahu akbar!"
947,1830082,SoyLucasTomasi,Hace 8 meses,$ 200,200.00,que opinas de la nueva incorporación de boca?
948,1830081,SoyLucasTomasi,Hace 8 meses,$ 200,200.00,"para el nobel de la paz hay que iniciar guerras y no frenarlas, como obamas"
949,1830078,SoyLucasTomasi,Hace 8 meses,$ 200,200.00,trump: oslo digo por última vez. son todos butos menos yo y Miller
950,1830058,SoyLucasTomasi,Hace 8 meses,$ 200,200.00,todo muy inclusivo por europa pero nunca un presidente negro
951,1830044,SoyLucasTomasi,Hace 8 meses,$ 200,200.00,https://x.com/Ojo_Kritico/status/2013582781670953103 bueno te etiqueté en X solo porque se está cayendo!
952,1830038,SoyLucasTomasi,Hace 8 meses,$ 200,200.00,https://x.com/Ojo_Kritico/status/2013582781670953103 se está cayendo!
953,1830027,SoyLucasTomasi,Hace 8 meses,$ 1 000,1000.00,pensé que era el único patrón
954,1830020,SoyLucasTomasi,Hace 8 meses,$ 200,200.00,jaja la Miller japonesa va a disolver el parlamento. Están haciendo trampa los ponjas.
955,1830018,SoyLucasTomasi,Hace 8 meses,$ 200,200.00,palan cuantos patreons tenés?
956,1829760,SoyLucasTomasi,Hace 8 meses,$ 1 000,1000.00,"palan, ya que el tio paquito es fan, y como se viene la temporada en unas semanas, quiero reivindicar a  colagreco"
957,1829750,SoyLucasTomasi,Hace 8 meses,$ 1 000,1000.00,"luchi, te voy a copiar el corte de pelo, si! me parece perfecto, me parece lo ideal.."
958,1829711,SoyLucasTomasi,Hace 8 meses,$ 1 000,1000.00,"palan, además max verstappen logró un Grand Slam siendo todavía muy joven, pole, victoria, vuelta rápida y liderando todo"
959,1829709,SoyLucasTomasi,Hace 8 meses,$ 1 000,1000.00,"palan, otro dato interesante sobre max verstappen es que ostenta el récord de poles consecutivas"
960,1829708,SoyLucasTomasi,Hace 8 meses,$ 1 000,1000.00,"palan, ya que hablamos de f1,  otro dato interesante sobre max verstappen es que debutó siendo el piloto más joven de la historia hasta ese momento."
961,1829692,SoyLucasTomasi,Hace 8 meses,$ 1 000,1000.00,"palan, sabes que te quería comentar algo interesante: se viene la temporada de F1 y lord verstappen no va a asistir a los eventos woke de f1 por fuera de las carreras"
962,1829594,soylucastomasi,Hace 8 meses,$ 1 000,1000.00,palan te aviso por las dudas que solicite reembolso de 9 donaciones en dólares desde la cuenta de icloud motivo; no recibiste el artículo dentro de la app. maso 190 usd
963,1829584,soylucastomasi,Hace 8 meses,$ 1 000,1000.00,"Cómo buen paraguayo no hay nada más que me guste que un buen trava después de la obra, o eso pensaba hasta que conocí al ponzi. AVE PALAN AVE PONZI VIVAN LOS TRAVAS"
964,1829539,soylucastomasi,Hace 8 meses,$ 1 000,1000.00,"Ay Palan, no sabés como tengo ganas de darte muchos muchos muchos besos en la puntita :33333333333333333333333"
965,1829532,soylucastomasi,Hace 8 meses,$ 5 000,5000.00,mis comentarios más repetidos durante esos tres directos: “muerte a lhda música” y “si no hablas te va a bajar la cuenta por copyrights” cualquiera que haya estado ahí los tuvo que haber visto. y vos lo leíste!
966,1829515,soylucastomasi,Hace 8 meses,$ 1 000,1000.00,"palan, puedo denunciar suplantación de identidad?"
967,1829503,soylucastomasi,Hace 8 meses,$ 1 000,1000.00,Que ganas de desayunarme una verga de silicona
968,1829483,soylucastomasi,Hace 8 meses,$ 1 000,1000.00,que tragedia los superchats. no serán devueltos.
969,1828676,SoyLucasTomasi,Hace 8 meses,$ 1 000,1000.00,sabes cual es el tema? aca no podes comentar un super comentario. mejor.
970,1828283,soylucastomasi,Hace 8 meses,$ 149 500,149500.00,dale una patada a kick
